repo,path,number_of_headings
mportizlunyov/update_full-unix,SECURITY.md,0
oracle/oracle-db-appdev-monitoring,SECURITY.md,3
oracle/tribuo,SECURITY.md,3
oracle/tribuo,docs/Security.md,6
oracle/ocifs,SECURITY.md,3
DeveloperCron/MyIntro,SECURITY.md,5
yaleman/renamer,SECURITY.md,3
Codecademy/docs,content/cybersecurity/concepts/security-testing/security-testing.md,1
venom-mancer/OracleMind-discord,SECURITY.md,3
LuaSpace/luaspace,.github/SECURITY.md,3
yaleman/dotfiles,SECURITY.md,3
Normolo/directoryTreeViewer,.github/SECURITY.md,6
oracle/weblogic-kubernetes-operator,documentation/4.0/content/faq/security-validation.md,0
oracle/weblogic-kubernetes-operator,documentation/3.4/content/faq/security-validation.md,0
oracle/weblogic-kubernetes-operator,documentation/3.3/content/faq/security-validation.md,0
oracle/weblogic-toolkit-ui,SECURITY.md,3
M4gOo/System-Administrator-RHCSA-,DONE_Manage%20Security.md,0
EdenCrow/edencrow.github.com,.github/SECURITY.md,3
oracle/magento-extension-cx-apps,SECURITY.md,3
cyh6327/cyh6327.github.io,spring/_posts/2023-02-15-spring-security-application.md,29
cyh6327/cyh6327.github.io,spring/_posts/2023-03-04-spring-security-operating-principle.md,18
cyh6327/cyh6327.github.io,spring/_posts/2023-02-15-spring-security-study.md,36
cyh6327/cyh6327.github.io,project/_posts/2022-02-15-ycc-study-security.md,7
sawft99/Obsidian-SecPlus,Sec%2B/Chapter%204%20-%20Security%20Applications%20%26%20Devices/Security%20Applications%20%26%20Devices.md,5
sawft99/Obsidian-SecPlus,Sec%2B/Chapter%2017%20-%20Physical%20Security/Physical%20Security.md,10
sawft99/Obsidian-SecPlus,Sec%2B/Chapter%2018%20-%20Facilities%20Security/Facilities%20Security.md,4
sawft99/Obsidian-SecPlus,Sec%2B/Chapter%205%20-%20Mobile%20Device%20Security/Security%20of%20Apps.md,11
sawft99/Obsidian-SecPlus,Sec%2B/Chapter%205%20-%20Mobile%20Device%20Security/Mobile%20Device%20Security.md,4
sawft99/Obsidian-SecPlus,Sec%2B/Chapter%2013%20-%20Cloud%20Security/Cloud%20Security.md,11
sawft99/Obsidian-SecPlus,Sec%2B/Chapter%2013%20-%20Cloud%20Security/Cloud%20Access%20Security%20Broker%20%28CASB%29.md,8
sawft99/Obsidian-SecPlus,Sec%2B/Chapter%2012%20-%20Perimeter%20Security/Perimeter%20Security.md,4
sawft99/Obsidian-SecPlus,Sec%2B/Chapter%204%20-%20Security%20Applications%20%26%20Devices/Security%20Applications%20%26%20Devices.md,5
sawft99/Obsidian-SecPlus,Sec%2B/Chapter%2017%20-%20Physical%20Security/Physical%20Security.md,10
sawft99/Obsidian-SecPlus,Sec%2B/Chapter%2018%20-%20Facilities%20Security/Facilities%20Security.md,4
sawft99/Obsidian-SecPlus,Sec%2B/Chapter%205%20-%20Mobile%20Device%20Security/Security%20of%20Apps.md,11
sawft99/Obsidian-SecPlus,Sec%2B/Chapter%205%20-%20Mobile%20Device%20Security/Mobile%20Device%20Security.md,4
sawft99/Obsidian-SecPlus,Sec%2B/Chapter%2013%20-%20Cloud%20Security/Cloud%20Security.md,11
sawft99/Obsidian-SecPlus,Sec%2B/Chapter%2013%20-%20Cloud%20Security/Cloud%20Access%20Security%20Broker%20%28CASB%29.md,8
sawft99/Obsidian-SecPlus,Sec%2B/Chapter%2012%20-%20Perimeter%20Security/Perimeter%20Security.md,4
sawft99/Obsidian-SecPlus,Sec%2B/Chapter%209%20-%20Application%20Security/Web%20Browser%20Security.md,8
sawft99/Obsidian-SecPlus,Sec%2B/Chapter%209%20-%20Application%20Security/Application%20Security.md,4
nbegga1/CKA-notes,Security/Security.md,9
PERSEO78/Security-Opetation-Network-Security,Network%20Security.md,1
RyanUlch/hexsweep,SECURITY.md,3
onebeyond/.github,docs/SECURITY.md,1
oracle/coherence-cli,SECURITY.md,3
Epix-Incorporated/Adonis,SECURITY.md,3
TaiStudio/Trenton,SECURITY.md,3
JoDylan404/hogwarts-mystery-script-auto-clicker,SECURITY.md,3
a-weeb-programmer/libcute,SECURITY.md,3
capawesome-team/capacitor-mlkit,SECURITY.md,2
SebbyIsSwag/Login-System,SECURITY.md,2
cyris360/cyris360-framework,3-ops/3-1-offensive-security.md,1
cyris360/cyris360-framework,2-imp/2-2-product-security.md,12
cyris360/cyris360-framework,2-imp/2-1-corporate-security.md,2
Jesus-QC/CursedMod,.github/SECURITY.md,3
NervousGroove/Max,SECURITY.md,1
oracle/ocne-deploy-tool,SECURITY.md,3
OakarOo/Python-Projects,Others/SECURITY.md,3
jacksonshoes/bri.co.id,SECURITY.md,3
CyndieKamau/Docker_Security,docker-bench-security.md,4
oracle/accelerated-data-science,SECURITY.md,3
JOHN74380/ENDPOINT-SECURITY,ENDPOINT%20SECURITY.md,1
MRMGameStudios/animated-octo-parakeet,SECURITY.md,3
Utility-Client/UtilityClient,SECURITY.md,3
statisticsnorway/ssb-project-template-stat,SECURITY.md,2
puria-asr/online-shop-react-,SECURITY.md,3
yino0814/k8s_notes,50-Configuration-security-contexts.md,1
omegaui/chat_desk,SECURITY.md,2
statisticsnorway/tink-fpe-python,SECURITY.md,2
6foes/netflix-like,SECURITY.md,3
GwynethLlewelyn/post-local-storage,SECURITY.md,3
sergism77/seigr-dapp,SECURITY.md,3
statisticsnorway/SSB_Spark_tools,SECURITY.md,2
erssi/web-scraping,SECURITY.md,3
progital/tark,SECURITY.md,3
oracle/coherence-eclipse-plugin,SECURITY.md,3
jillmnolan/java-essentials,SECURITY.md,3
BOTCAHX/Hoream-MD,SECURITY.md,3
SauravMaheshkar/NeRF,.github/SECURITY.md,3
MPNR21/Veracode_Github-Integration-Demo,SECURITY.md,3
ethicaldev/goverment,SECURITY.md,3
rajtilakjee/chatoverflow,SECURITY.md,1
Cartrigger/QCXRSoonBot,SECURITY.md,4
hydephp/develop,packages/realtime-compiler/SECURITY.md,3
hydephp/develop,SECURITY.md,4
hydephp/develop,packages/framework/SECURITY.md,4
jillmnolan/Cobol-Essentials,SECURITY.md,3
CodeYourFuture/.github,SECURITY.md,2
NiftyLeague/NiftySmartContracts,.github/SECURITY.md,2
hhm1/bocchidesu-py,SECURITY.md,3
jymchng/sgpydantic_do_not_use,docs/security.md,7
endknife/ConfigurationFile,SECURITY.md,3
statisticsnorway/datadoc,SECURITY.md,2
statisticsnorway/dapla-smoketests,SECURITY.md,2
Tung1006/Post,SECURITY.md,3
Khayn/2021-12-elearning-pythonana,SECURITY.md,3
epythonlab/sage_web_dev,SECURITY.md,3
jillmnolan/python-essentials,SECURITY.md,3
pricemi115/homebridge-grumptech-timetriggers,pages/security.md,3
pricemi115/homebridge-grumptech-timetriggers,SECURITY.md,3
Nasz-Elektryk/basedbook-frontend,SECURITY.md,1
abdolence/slack-morphism-rust,SECURITY.md,4
nuevacreacion3/nuevacreacion3,SECURITY.md,4
tmcybers/tmcybers.github.io,SECURITY.md,3
QuSimulations/Tutorial_Python,SECURITY.md,3
jakub-studio/website,SECURITY.md,3
aptible/aptible-sass,SECURITY.md,3
wret8385/testforno,SECURITY.md,3
Dedal378/gallery-on-vuetify,SECURITY.md,3
vacu9708/Web-development,Fundamental%20knowledge/Security.md,15
volcanovol/tayeb,SECURITY.md,3
hilmanski/freeStuffDev,content/stuff/escape-security.md,0
hilmanski/freeStuffDev,content/stuff/GraphQL.Security.md,0
Avarok-Cybersecurity/Citadel-Protocol,SECURITY.md,3
AndroGR/nvdialog,SECURITY.md,3
paule32/SWIPL_ZWAP,SECURITY.md,3
sssanjaya/sssanjaya.github.io,SECURITY.md,3
Hutoorg/comsci-test,SECURITY.md,2
EtherealEngine/Universal-Volumetric,SECURITY.md,3
Scout064/DDB-Stats-Loader,SECURITY.md,3
oracle/macest,SECURITY.md,3
oracle/pushiomanager-cordova-plugin,SECURITY.md,3
cheeriojs/cheerio,SECURITY.md,3
SupSpace-Coding-Team/SpaceUtilities,SECURITY.md,3
UKKWariors/Website-Pengaduan-Masyarakat-Remake,SECURITY.md,3
AaryaTiwari1211/KeywordExtractionTool,SECURITY.md,3
asyncedd/dots.nvim,SECURITY.md,3
nelsonCastellanos/ArtWalkBackEnd,SECURITY.md,3
jillmnolan/linkedin-clone,SECURITY.md,3
Skillt2022/evaluaciones,SECURITY.md,3
pietro1704/landingPageConsultoriaHelen,SECURITY.md,3
Metwally-Sayed/Linnric,SECURITY.md,3
webparham-afk/Arabijat,SECURITY.md,3
oracle/weblogic-kubernetes-operator,SECURITY.md,3
oracle/zfssa-csi-driver,SECURITY.md,3
alstjq8251/Cs-tech,%EA%B0%9C%EB%85%90/spring/Spring%20Security.md,8
jimmy254-prog/indian_cuisine,SECURITY.md,3
usamakhankhattakk/my-website,SECURITY.md,3
Drapkoto/mega,SECURITY.md,3
lnq7x201/f8-tiktok,SECURITY.md,3
nextauthjs/.github,SECURITY.md,3
suhailthakrani/suit_up,SECURITY.md,3
rahulrouniyar1/manojsoundsystem,SECURITY.md,3
hldblc/ProjectSurvival001a,SECURITY.md,3
Inochi2D/inochi2d,SECURITY.md,3
Nasz-Elektryk/basedbook-backend,SECURITY.md,1
InfoSecWarrior/Frequently-Asked-Questions,Information-Security-Cyber-Security.md,19
Bean-Tools/blender-release-list,SECURITY.md,3
systemadminroot/Port_Scanner,SECURITY.md,3
World-Charity-Tour/camsol-components,SECURITY.md,5
AbidHasanSajid/AboutPage-V5.0,SECURITY.md,3
aptible/terraform-provider-aptible,SECURITY.md,3
Just1z/asyncgpt,.github/SECURITY.md,2
jillmnolan/css-node-module,SECURITY.md,3
jackdelaguilavilla03/craftzdogVim,SECURITY.md,3
crossid/repos-metadata,common/SECURITY.md,1
microsoft/OpenAI-Hack-Group-5-Humanitarian,SECURITY.md,4
aptible/captain-comeback-sweetness-adapter,SECURITY.md,3
oracle/microservices-datadriven,SECURITY.md,3
Protonm0KEN/react-weather,SECURITY.md,3
mraible/21-points-v7,SECURITY.md,3
NervousGroove/SpellSide,SECURITY.md,1
akpanjoe/Hashbarium,SECURITY.md,3
py-package/masonite-commerce,SECURITY.md,3
hanwenlei/cultureCenter,SECURITY.md,3
aptible/aptstract,SECURITY.md,3
ayyanar7/2023,SECURITY.md,3
guilherm97/projeto_acessibilidade,SECURITY.md,3
MAKASII/Try_On_Model,SECURITY.md,3
fabianroy/Super-Calculator-2.0,SECURITY.md,3
DreadedKane/TheSeersChoice,SECURITY.md,4
TimurPythonDev/DjangoReact2,SECURITY.md,3
kellyRaines05/ASU-Coursework-Website,bootstrap/SECURITY.md,1
taedonn/taedonn,SECURITY.md,3
pinaakirepo/test-project,SECURITY.md,3
themuuln/nextjs-dice,SECURITY.md,3
Sigmale1000/RMGenerator,SECURITY.md,7
divyanshmathur004/divnew-website,SECURITY.md,3
nori-dot-eco/contracts,SECURITY.md,1
stream-payments/streampay-admin,SECURITY.md,3
statisticsnorway/microdata-job-db,SECURITY.md,2
DivergentCodes/cronbox,SECURITY.md,2
zyf315/physics,SECURITY.md,3
KRoperUK/voting-app,SECURITY.md,2
QuasarApp/CQtDeployer,SECURITY.md,3
sylvsterbelonio/G12Project,SECURITY.md,3
jillmnolan/Web-Development-Essentials-Pack,SECURITY.md,3
urobot2011/SaveMartin,SECURITY.md,3
aptible/www,SECURITY.md,3
aptible/www,src/markdown/legal/security.md,32
aptible/www,src/markdown/legal/supplemental-terms-of-service-for-security-assessment-questionnaire-offering.md,8
aptible/www,src/markdown/hipaa/164-306-security-general.md,0
Tri-Vi/redis-node,SECURITY.md,3
RickStrahl/MarkdownMonster,SECURITY.md,3
samiurprapon/Aether,SECURITY.md,5
SnowlyToken/snowly-erc20-contract,SECURITY.md,1
rubtoa/kalll,SECURITY.md,1
jillmnolan/azure-backup-job,SECURITY.md,3
RaresAil/prisma-mapper,SECURITY.md,3
aptible/docker-elasticsearch-legacy,SECURITY.md,3
crossplane/crossplane,SECURITY.md,7
crossplane/crossplane,design/defunct/one-pager-packages-security-isolation.md,35
danielgoqueiroz/fotoradar-api,SECURITY.md,3
MrAzimzadeh/Techblog-MVC,SECURITY.md,3
JuPegro/Patients,SECURITY.md,3
memoirspathos/memoirspathos.github.io,SECURITY.md,3
facelessuser/soupsieve,SECURITY.md,4
facelessuser/soupsieve,docs/src/markdown/about/security.md,0
Dveid123/Avto-start-programs,SECURITY.md,3
NextCapital/copy-service,SECURITY.md,4
doger83/g2.Animation,SECURITY.md,3
upbound/crossplane,SECURITY.md,7
upbound/crossplane,design/defunct/one-pager-packages-security-isolation.md,35
rajguptaH/KeplerCrud,SECURITY.md,3
mingdebaba/flutterStart,SECURITY.md,3
kalebzaki4/Animeflix,node_modules/cookie/SECURITY.md,2
kalebzaki4/Animeflix,node_modules/body-parser/SECURITY.md,2
my-crazy-org/my-first-repo,SECURITY.md,3
sajidhamdard/learnjavascript,SECURITY.md,3
IammarkkoMusic/Markko,SECURITY.md,3
Sultantech-pom/apps-security,SECURITY.md,3
nvkode/nvdoc-bundle,SECURITY.md,3
b-m-f/wired,SECURITY.md,3
nvkode/nvko,SECURITY.md,3
kislyuk/argcomplete,SECURITY.md,3
r3x5ur/wxapkg-unpacker,SECURITY.md,3
omgitsjan/DiscordBotAI,SECURITY.md,3
SherlockChiang/arch-in-fydeos,SECURITY.md,3
Coral-Inc/bog-forlaget,SECURITY.md,3
AmixemHello/sketchingcollabo,SECURITY.md,3
apache/dubbo-website,content/en/latest/notices/security.md,3
apache/dubbo-website,content/en/latest/contribution-guidelines/contributor/reporting-security-issues_dev.md,2
apache/dubbo-website,content/en/docs/notices/security.md,4
apache/dubbo-website,content/en/docs/contribution-guidelines/contributor/reporting-security-issues_dev.md,2
caketheidiot/cakeedit,SECURITY.md,3
HeadcrabJ/HCWeb.NET,SECURITY.md,3
shweth10/shweth10.github.io,SECURITY.md,3
dgjinsu/JPA_STUDY,Security.md,5
nanopathi/external_libavc_AOSP10_r33_CVE-2021-0325,SECURITY.md,3
studioalex/studioalex,SECURITY.md,7
aptible/docker-registry-all-in-one,SECURITY.md,3
DigitalBitTechnologies/Artyom-NeuralAssistant,SECURITY.md,3
aptible/docker-postgresql,SECURITY.md,3
N0-0NE-Dev/NoFasel,SECURITY.md,3
ivandavidcarmonah/Api-de-Gestion-de-Inventarios,SECURITY.md,3
marianozamora/marianozamora.github.io,SECURITY.md,3
4i8/QuranBot,SECURITY.md,2
nairraf/x4SaveManager,SECURITY.md,3
aptible/elasticsearch-logstash-s3-backup,SECURITY.md,3
Ash1392005/Ari-an,SECURITY.md,3
gitadvisor/gitscan-action,java/old-change-notes/2020-08-31-extensible-security-queries.md,0
gitadvisor/gitscan-action,go/SECURITY.md,0
aptible/fridge,SECURITY.md,3
aptible/docker-elasticsearch,SECURITY.md,3
netdata/.github,SECURITY.md,9
kubernetes/website,content/en/docs/tasks/configure-pod-container/security-context.md,12
kubernetes/website,content/pt-br/docs/concepts/security/windows-security.md,3
kubernetes/website,content/ja/docs/tasks/administer-cluster/migrating-from-dockershim/migrating-telemetry-and-security-agents.md,5
kubernetes/website,content/zh-cn/docs/concepts/security/pod-security-admission.md,21
kubernetes/website,content/en/docs/concepts/security/pod-security-admission.md,11
kubernetes/website,content/es/docs/concepts/security/pod-security-policy.md,0
kubernetes/website,content/id/docs/concepts/policy/pod-security-policy.md,29
kubernetes/website,content/zh-cn/docs/tasks/configure-pod-container/security-context.md,22
kubernetes/website,content/en/docs/concepts/security/pod-security-standards.md,16
kubernetes/website,content/zh-cn/docs/concepts/security/pod-security-standards.md,27
kubernetes/website,content/zh-cn/docs/tasks/administer-cluster/migrating-from-dockershim/migrating-telemetry-and-security-agents.md,19
kubernetes/website,content/ja/docs/concepts/security/pod-security-admission.md,12
kubernetes/website,content/en/docs/tasks/administer-cluster/migrating-from-dockershim/migrating-telemetry-and-security-agents.md,13
kubernetes/website,content/ja/docs/tasks/configure-pod-container/security-context.md,12
kubernetes/website,content/zh-cn/docs/concepts/security/security-checklist.md,21
kubernetes/website,content/pt-br/docs/concepts/security/pod-security-policy.md,0
kubernetes/website,content/en/docs/concepts/security/security-checklist.md,12
kubernetes/website,content/ko/docs/concepts/security/pod-security-policy.md,2
kubernetes/website,content/ko/docs/reference/glossary/pod-security-policy.md,0
kubernetes/website,content/ko/docs/concepts/security/pod-security-standards.md,17
kubernetes/website,content/en/blog/_posts/2021-04-06-PodSecurityPolicy-Past-Present-and-Future.md,6
kubernetes/website,content/zh-cn/docs/concepts/security/pod-security-policy.md,0
kubernetes/website,content/en/docs/concepts/security/pod-security-policy.md,0
kubernetes/website,content/zh-cn/blog/_posts/2021-04-06-PodSecurityPolicy-Past-Present-and-Future.md,12
kubernetes/website,content/zh-cn/docs/setup/best-practices/enforcing-pod-security-standards.md,10
kubernetes/website,content/zh-cn/docs/reference/glossary/pod-security-policy.md,0
kubernetes/website,content/en/docs/setup/best-practices/enforcing-pod-security-standards.md,5
kubernetes/website,content/ko/docs/setup/best-practices/enforcing-pod-security-standards.md,7
kubernetes/website,content/ko/docs/reference/issues-security/security.md,9
kubernetes/website,content/ko/docs/concepts/security/windows-security.md,6
Rhaelzo/unity-reference-finder,SECURITY.md,3
JeraCodeHub/testPublic,SECURITY.md,3
vaibhav-developer/KinoApp,SECURITY.md,3
Carloss0003/Redux,SECURITY.md,3
esmaeryz/archer-ecommerce,SECURITY.md,3
microsoft/msccl-scheduler,SECURITY.md,4
karenpo430/codespaces-react,SECURITY.md,3
zekierciyas/JetpackComposeSamples,SECURITY.md,3
Amulsharma64/DynamicQuotes,SECURITY.md,3
eggplantiny/flow-fields,SECURITY.md,3
P1998-WH/Controlling-cursor-using-hand-gesture,SECURITY.md,3
michael2to3/powerfull-schedule-politech,SECURITY.md,3
samkenxstream/PSALM,SECURITY.md,3
AngelRuiz22/versionesdoc,SECURITY.md,3
leapwallet/leap-keychain-rn,SECURITY.md,2
dosco/minds,SECURITY.md,3
ShawnWichman/mermaid_kitchen,SECURITY.md,3
BenjaminR339/BasicCProjects,SECURITY.md,3
LeandroSoares/aws-lambda-scanner,SECURITY.md,3
Peyxw/Fault-Lines-Api,SECURITY.md,3
aptible/dryer-lint,SECURITY.md,3
Abdullah963039/Typing_Speed_App,SECURITY.md,3
cgerull/test-server,SECURITY.md,3
silverspoon1120/html1120,SECURITY.md,3
CybercentreCanada/assemblyline,SECURITY.md,3
https-github-com-marklindsey11/LinkedIn-Fake-Profile-Filter-Modules,SECURITY.md,3
Dedal378/vue-it-club,SECURITY.md,3
battlingbugs/BBERP-NL,SECURITY.md,3
DaveyCodeReal/monsters-of-mindpalace,SECURITY.md,3
microsoft/devicescript-gateway,SECURITY.md,4
aptible/go-deploy,SECURITY.md,3
pilypio/backend,SECURITY.md,3
microsoft/cliffordlayers,SECURITY.md,4
aptible/policy-content,SECURITY.md,3
aptible/policy-content,policies/information-security-governance-policy.md,57
aptible/policy-content,policies/human-resources-security-policy.md,8
aptible/policy-content,policies/device-security-policy.md,17
aptible/policy-content,policies/physical-security-policy.md,14
tobiaslabs/hunchjs.com,SECURITY.md,1
Mohammed-Ehap-Ali-Zean-Al-Abdin/Mohammed-Ehap-Ali-Zean-Al-Abdin.github.io,SECURITY.md,3
Codedwells/LCG,SECURITY.md,3
enzo-g/o2switch-backup-restic,SECURITY.md,2
code0094/Elsoro,SECURITY.md,3
aptible/training,SECURITY.md,3
aptible/training,security-awareness/security-culture.md,1
aptible/training,security-awareness/security-policies.md,1
aptible/training,hipaa-workforce/security.md,1
aptible/training,security-awareness/ongoing-security-awareness.md,2
aptible/training,hipaa-workforce/security-rule-2.md,1
aptible/training,security-awareness/security-goals.md,1
aptible/training,hipaa-workforce/security-2-rules.md,1
aptible/training,hipaa-workforce/security-rule-1.md,3
aptible/training,culture-and-security/build-security-culture.md,1
OsDroidi/case-converter-pro,SECURITY.md,3
jessiebelle/glowingintech,SECURITY.md,2
thazsobral/newsletter-cast,SECURITY.md,3
Shajudeenkm/Shajudeenkm-Personal-WEB-Site,SECURITY.md,3
kujotaroooo/first-web,SECURITY.md,3
aptible/mini-collector,SECURITY.md,3
BenchaminDimitriu/Employee-Management-Webservice,SECURITY.md,3
aptible/docker-rabbitmq,SECURITY.md,3
aptible/opsworks-cli,SECURITY.md,3
OWASP/wrongsecrets,SECURITY.md,3
AllStarLink/Allmon3,SECURITY.md,3
WeekendLabsLLC/website,SECURITY.md,3
twobrassiere/Variant_callng_colon_cancer,SECURITY.md,3
mbml84/mnist-pytorch,SECURITY.md,3
aptible/aptible-omnibus-builder,SECURITY.md,3
patriciodavalos/midnight,SECURITY.md,3
microsoft/clarity-apps,SECURITY.md,4
dajiaji/pyhpke,SECURITY.md,3
facelessuser/backrefs,SECURITY.md,4
facelessuser/backrefs,docs/src/markdown/about/security.md,0
elysiaroot/Darak,SECURITY.md,3
Kanzaji/Cat-Downloader-Legacy,SECURITY.md,3
aptible/deploy-demo-app,SECURITY.md,3
Midoruya/rust-cheat-checker,SECURITY.md,4
aptible/omnibus-aptible-toolbelt,SECURITY.md,3
saikathalderr/AgileAce,SECURITY.md,3
colorette-by-kanshen/colorette-by-kanshen.github.io,SECURITY.md,1
crossplane/crossplane-runtime,SECURITY.md,2
NEZNAMY/TAB,SECURITY.md,1
LingFengSBH/InteractiveWorld,SECURITY.md,3
Darshanreddych/Team-thwart,SECURITY.md,3
binwiederhier/ntfy,SECURITY.md,3
nacho20232023/Taller-Github,NETWORK%20SECURITY.md,1
nacho20232023/Taller-Github,ENDPOINT%20SECURITY.md,1
nacho20232023/Taller-Github,SECURITY%20OPERATIONS.md,1
iqbalfajarafrian/iqbalfajarafrian.github.io,SECURITY.md,3
DakshCodess/localhost,SECURITY.md,3
ReApptor/ReApptor.TypeScript.Linq,SECURITY.md,2
bangseungsup/TIL-WIL,%5BWIL%5D%20security.md,9
AceRockson/django.nv,SECURITY.md,3
FERZAH/FC-INVITE-BOT-V13,SECURITY.md,3
topdev199725/Marketplace,SECURITY.md,4
tryoxiss/public-template,SECURITY.md,2
Covid-19-Karnataka/Covid-19-Karnataka,SECURITY.md,3
deepgram-templates/project-template,.github/SECURITY.md,1
shivamvijaywargi/full-stack-eCommerce,SECURITY.md,2
v1git12/Capstone-Project2-NYC-taxi-trip-time-prediction,SECURITY.md,2
aptible/sidekiq-field-encryptor,SECURITY.md,3
aptible/docker-acme,SECURITY.md,3
PranithChowdary/code,SECURITY.md,3
MemolinkNotes/memolink,SECURITY.md,3
kokiebisu/rental-storage,SECURITY.md,3
DaneeSkripter/DaneeCloud,SECURITY.md,3
FabianaCampanari/My-Gifs,SECURITY.md,3
VolkanSah/Linux-and-Bash-Tips-and-Tricks,SECURITY.md,0
JeraCodeHub/SecOpsPublic,SECURITY.md,3
cycodehq-public/.github,SECURITY.md,1
eslutz/eslutz.github.io,.github/SECURITY.md,2
till213/SkyDolly,SECURITY.md,3
zidanegimiga/sondeka-voting,SECURITY.md,3
corespace-api/api_token,SECURITY.md,3
CSIRT-ID-dev/demo-repository,security.md,3
Heitor91/Curso_Javascript-intro_HTML_e_CSS,SECURITY.md,3
aptible/handbook,SECURITY.md,3
aptible/handbook,about-aptible/security.md,2
aptible/aptible-auth-ruby,SECURITY.md,3
aptible/action-python-lockfile-update,SECURITY.md,3
aptible/mini_ca,SECURITY.md,3
aptible/docker-ubuntu,SECURITY.md,3
cloudflare/wildebeest,SECURITY.md,1
chill-viking/swa-sandbox,SECURITY.md,2
statisticsnorway/dapla-toolbelt-pseudo,SECURITY.md,2
sergeiadmin/05-03-Zest4Life-Ship-project-1-main,SECURITY.md,3
Nboss7/ID-MPC,SECURITY.md,3
The-holy-city-bitcoin/Readme.txt,SECURITY.md,3
jillmnolan/business-day,SECURITY.md,3
VISHALDINESH/Flipkart,SECURITY.md,3
nelsonCastellanos/ArtWalkFrontEnd,SECURITY.md,3
mrsekharaws/devops-repo-test,SECURITY.md,3
Kevingwe12/masterproffessor,SECURITY.md,3
cloudyspells/PSWattTime,SECURITY.md,3
V33RU/IoTSecurity101,Automotive/Automotive-security.md,1
QiLechan/JavaIM,SECURITY.md,2
jillmnolan/PHP-Development-Essentials,SECURITY.md,3
themuuln/dice-roll,SECURITY.md,3
aptible/aptible-cli,SECURITY.md,3
DeathGabox/Dotfiles,.github/SECURITY.md,3
CplNathan/SurePet2Google-Public,SECURITY.md,3
dmitryburov/go-coinbase-socket,SECURITY.md,3
xcampi/stormacademyx,SECURITY.md,3
navicore/signalkgen,SECURITY.md,2
ThagodDynasty/React.js,SECURITY.md,3
Will855/Portfolio-Web-Page,SECURITY.md,3
chinnuxd/jessyRobot,SECURITY.md,5
alekami649/tca,SECURITY.md,3
RealityVR/Reality-VR,SECURITY.md,3
aptible/tf-starter-monolith,SECURITY.md,3
miacio/sql-to-code,SECURITY.md,3
bagelwastaken/kekbot,.github/SECURITY.md,3
Julexar/Encounter-Creator,SECURITY.md,3
filefilego/filefilego,SECURITY.md,3
Didjer01/Buyer1,SECURITY.md,3
ElBe-Development/discord.py-bot-template,SECURITY.md,3
Azure/Wordpress-on-Linux-App-Service-plugins,SECURITY.md,4
King133x/JTIDATA,SECURITY.md,4
javachaos/blackether,SECURITY.md,2
statisticsnorway/dapla-source-data-processor-build-scripts,SECURITY.md,2
ChilliWood/war-client,SECURITY.md,3
aptible/aptible-resource,SECURITY.md,3
Aleksey-r-dev/hello-world,SECURITY.md,3
NuggaN85/Protection-Anti-Plagiat,SECURITY.md,3
aptible/pg_activity,SECURITY.md,3
aptible/ember-json-schema-document,SECURITY.md,3
YassinTalhaoui/INFO-F310---Algorithmique-et-recherche-operationnelle,SECURITY.md,3
Lindharden/DevOps,SECURITY.md,3
taedonn/gitbook-theme,_book/SECURITY.md,3
taedonn/gitbook-theme,SECURITY.md,3
Dedal378/vue3-template,SECURITY.md,3
Priyansh-15/Job_Helper,SECURITY.md,3
aptible/terraform-aptible-metrics,SECURITY.md,3
kelvins-lab/flick-city,SECURITY.md,3
themuuln/final-portfolio,SECURITY.md,3
KilianDunat/KilianDunat.github.io,SECURITY.md,3
svetlyachok1134/face_recog_git,SECURITY.md,3
adapt-security/adapt-authoring,SECURITY.md,2
Konloch/Socket-Server,Example/CR-Echo-Server/SECURITY.md,3
Konloch/Socket-Server,Example/Echo-Server/SECURITY.md,3
Konloch/Socket-Server,Core/SECURITY.md,3
Konloch/Socket-Server,SECURITY.md,3
sam-baraka/flutter-senior-mobile-app,SECURITY.md,3
JosephAbbey/JaTeX,SECURITY.md,3
TalDoHiki/Python_Projects,SECURITY.md,3
Ammar-Bin-Amir/Traffic_Control_System,SECURITY.md,3
gamowwwer/kl-cyberimmunity-hw,atomic-plant-security.md,8
DaveyCodeReal/mindpalace-dinner,SECURITY.md,3
RyanUlch/hexitaire,SECURITY.md,3
imgproxy/imgproxy,SECURITY.md,2
yazaldefilimonepinto/clean-arch-react-native-starter,SECURITY.md,3
erlandmuchasaj/sanitize,SECURITY.md,3
aptible/docker-redis,SECURITY.md,3
BetonQuest/BetonQuest,SECURITY.md,2
dingjiachengcn/LeetCodeDailyChineseExplanation,SECURITY.md,3
yi-yunseok/Yi-Yunseok.GitHub.io,SECURITY.md,3
sabeeshvk/cloudkitchen,SECURITY.md,3
statisticsnorway/microdata-job-service,SECURITY.md,2
yajium/yajium-site,SECURITY.md,3
hgkdd/tet-formelsammlung,SECURITY.md,3
developer9081/pereezd-gruzchiki,SECURITY.md,3
aecyia/STBL,SECURITY.md,4
traceloop/jest-opentelemetry,SECURITY.md,4
aksm/archipelago-scripts,SECURITY.md,3
ahsanulislamkhan/access-cotton,SECURITY.md,3
aptible/docker-debian,SECURITY.md,3
Master-Dipankar/todo,SECURITY.md,3
jewl-app/.github,SECURITY.md,10
RyanUlch/ryanulchsite,SECURITY.md,3
aptible/aptible-deploy-action,SECURITY.md,3
tbdger/osfusion,SECURITY.md,3
thrylos2307/Real-Estate,SECURITY.md,3
designsystemscoalition/.github,.github/SECURITY.md,3
new92/Supercell,SECURITY.md,2
AntonioPGR/casa-verde,SECURITY.md,3
ifandraliuk/Tablet-Dice,SECURITY.md,3
ifandraliuk/Tablet-Dice,node_modules/shell-quote/security.md,3
Medaminebouras/projet-pfe,SECURITY.md,3
burno1/foi-de-base,SECURITY.md,3
zero-to-prod/portfolio,SECURITY.md,1
AliReza1083/AniLearn.dev,SECURITY.md,1
mikkokut/covert.host,SECURITY.md,2
rayark1/github-test,SECURITY.md,3
ReiKatz/status-page,SECURITY.md,3
paulscherrerinstitute/fast-feedback-indexer,SECURITY.md,3
linjicong/mixed-cloud-resource-stat,SECURITY.md,3
Aadityaanugrah10/API_wisata_palembang,SECURITY.md,3
Rafaelcds21/python-projects,SECURITY.md,3
angat-yogi/portfolio-angatworld,SECURITY.md,3
DigitalBitTechnologies/NeuralNetwork,SECURITY.md,3
Runa-Chin/runaOS-Loopy,SECURITY.md,3
Chrisobrien702/STBrand,SECURITY.md,3
aptible/terraform-provider-aptible-iaas,SECURITY.md,3
manekinekko/openai-chat,SECURITY.md,4
microsoft/android-samples,SECURITY.md,4
SIAMRAHMAN000/Siam_Bomber,SECURITY.md,3
roytrust/programming,security.md,9
lenevor/syscodes,.github/SECURITY.md,3
alwyn974/Saturnity,SECURITY.md,3
zaheer48/unikoop,SECURITY.md,3
hyperxpro/Brotli4j,SECURITY.md,3
Ngtinhs/ExamManagement,SECURITY.md,3
oracle/netsuite-suitecloud-sdk,SECURITY.md,3
JUAN57755/servercraft-2d-github-edition,SECURITY.md,3
Konloch/Constants,SECURITY.md,3
Konloch/DSLBuilder,SECURITY.md,3
RyzenK8/PasswordGeneratorCLI,SECURITY.md,3
actions-marketplace-validations/sonarcloud-actions_sonarcloud-check-status-action,SECURITY.md,3
rk-poddar/Java-Course,SECURITY.md,3
wolf-justin0103/laravelE-Commerce,SECURITY.md,1
devops-sagar/DSA,SECURITY.md,3
wahyusutejo1986/php-securecode-example,SECURITY.md,3
MigzAndroidz/Future-Value-Calculator-Program,SECURITY.md,3
HouseSteppa/imaginations,SECURITY.md,3
MathDuck/ProjectDeux,SECURITY.md,3
aptible/supercronic,SECURITY.md,3
codepoptech/bugsify-ruby,SECURITY.md,3
plinsumo/plinsumo,SECURITY.md,3
bobsbughut/bobsbughut.github.io,SECURITY.md,3
najib4u/simplsofts,SECURITY.md,3
luhaifeng666/kana-playground,SECURITY.md,0
Lozllll/ToolCheckMail,SECURITY.md,3
ProfCyberNaught/php_user_login_system,SECURITY.md,4
equinor/openapi-flattener,SECURITY.md,3
AR-Nazari/Strategic_Documentation,SECURITY.md,3
demark-pro/react-booking-calendar,SECURITY.md,3
Lynanguyen0515/pepe-pentest,SECURITY.md,3
aptible/omnivault,SECURITY.md,3
Prem-S-9081/AI-Voice-Assistance-like-Jarvis,SECURITY.md,3
vivekthakurcse/ChatVSS,SECURITY.md,3
dajiaji/hpke-js,SECURITY.md,3
Azure/azure-spring-suitability-rules,SECURITY.md,4
Nebuchadnezza2/since,SECURITY.md,3
jiashi2/blog,SECURITY.md,3
tajo/ladle,SECURITY.md,3
paparasj/MyBlogs,SECURITY.md,3
oracle/ktls-utils,SECURITY.md,3
Part-DB/Part-DB-server,SECURITY.md,3
mahdiatubly/Full_DevOps_RoadMap,Security.md,1
ZeNtrY1/zentry1,SECURITY.md,3
maheswara2421/first-experiment-in-front-end,SECURITY.md,3
DXCANZProduct/DXC-Products-for-Microsoft-Business-Applications,SMART-SEND/CONFIGURATION/Security.md,6
DXCANZProduct/DXC-Products-for-Microsoft-Business-Applications,CORE-EXTENSIONS/USER-SECURITY-AUDIT-DETAIL-REPORT/User-Security-audit-detail-report.md,7
DXCANZProduct/DXC-Products-for-Microsoft-Business-Applications,EDI/INTEGRATION/OTHER/Security-configuration.md,8
DXCANZProduct/DXC-Products-for-Microsoft-Business-Applications,EDI/CUSTOMER/OTHER/Security-configuration.md,8
DXCANZProduct/DXC-Products-for-Microsoft-Business-Applications,EDI/VENDOR/OTHER/Security-configuration.md,8
DXCANZProduct/DXC-Products-for-Microsoft-Business-Applications,EDI/CORE/Other/Security-configuration.md,6
DXCANZProduct/DXC-Products-for-Microsoft-Business-Applications,EDI/FREIGHT-FORWARDER/OTHER/Security-configuration.md,8
DXCANZProduct/DXC-Products-for-Microsoft-Business-Applications,EDI/3PL/OTHER/Security-configuration.md,8
DXCANZProduct/DXC-Products-for-Microsoft-Business-Applications,FOREX-CONTRACT/OTHER/Security-configuration.md,9
ada-url/ada,SECURITY.md,2
lynneconners/full-deep,SECURITY.md,4
GULibrarySandbox/ten-repro-learn-static,content/03-security.md,2
24yu7ij/retyvrtetrr-gmail.com,SECURITY.md,3
daliondev/TalkPa,SECURITY.md,3
timtam54/RSSWebMac,SECURITY.md,3
jESC-Solutions/jESC-SOP,Network-and-Security.md,5
raminsa/telegram-bot-api,SECURITY.md,3
CliffCrerar/mongo-db-rest-api-1,SECURITY.md,3
Mavennet/traceability-dto,SECURITY.md,3
Waguyo212/Waguyo212,SECURITY.md,3
zeissmicroscopy/imgdoc2,SECURITY.md,1
JohnConklin/GolfHandicapWebsite,SECURITY.md,3
0leshe/OpenGames,SECURITY.md,3
aptible/docker-mysql,SECURITY.md,3
atbcb/usab-uswds,SECURITY.md,3
aptible/ember-json-schema-views,SECURITY.md,3
milyosz/PROject,SECURITY.md,3
yama9973/astro-tutorial,SECURITY.md,3
ICTU/ictuwp-plugin-gc-reply-to-mailaddress,SECURITY.md,4
emreihtiyar/fastapi-template,SECURITY.md,1
priyankamarabille1008/referral_project,SECURITY.md,3
LuisDxl98/languages_tutor_openedx_en_EN2,SECURITY.md,3
rayataufik/U-Laundry,SECURITY.md,3
MRSLIMECODING/Take-care-off-the-kitten,SECURITY.md,3
spektre1/library,SECURITY.md,2
evennia/evennia,docs/source/Setup/Security-Practices.md,8
evennia/evennia,SECURITY.md,3
structlooper/skanBackend,SECURITY.md,3
AnishEllore/vclogger,SECURITY.md,3
beniregev/fed-react-final-project,SECURITY.md,3
AverseABFun-windows/tapy,SECURITY.md,2
casid/jte,SECURITY.md,3
aksqrd/ORM,SECURITY.md,3
microsoft/OpenAIWorkshop,SECURITY.md,4
RightToAskOrg/bulletin-board,SECURITY.md,3
fabianmunozp2508/intebien,SECURITY.md,3
saren15/saren15,SECURITY.md,3
ConichalciteGod/OpenAIRewriter---Testing-,SECURITY.md,3
BMRonzani/Estudos-GitHub,SECURITY.md,3
erich-tech/erich-tech.github.io,_posts/2022-12-20-Security%2B%20Notes.md,0
erich-tech/erich-tech.github.io,_posts/2022-11-24-Information%20Security%20Policy%20%28Template%29.md,9
erich-tech/erich-tech.github.io,_posts/2022-12-01-Security%20Awareness%20Training.md,5
erich-tech/erich-tech.github.io,_posts/2023-02-25-CIS%20Critical%20Security%20Controls.md,3
highcharts/highcharts,SECURITY.md,6
cocobird1/fantasyfootball-crawler,SECURITY.md,3
IAMSRK9/SHARUKSRK,SECURITY.md,3
JiwJiw73/-codespaces-jupyter,SECURITY.md,3
Kilerd/gotcha,SECURITY.md,3
Ampers97nd/Librem-Legacy,SECURITY.md,3
sandevistan14/RPG_Java,SECURITY.md,3
NishkarshRaj/github-best-practices,SECURITY.md,3
azubair/MyTicketbook-master,SECURITY.md,3
Avtera/DOTA-2-PATCHER,SECURITY.md,4
robinmoisson/staticrypt,SECURITY.md,3
asrafulsharker/c-program-for-beginners-example,SECURITY.md,3
aptible/docker-logstash,SECURITY.md,3
MCA-NITW/mca_nitw,SECURITY.md,3
frc7787/FRC-2023,FRC-2023-master/SECURITY.md,3
frc7787/FRC-2023,SECURITY.md,3
asrafulsharker/OpenGL-Project,SECURITY.md,3
githubpersona/00-mareator,SECURITY.md,3
rickorganization/GHAS-java,SECURITY.md,3
microsoft/HAMS-ALT,SECURITY.md,4
aptible/docker-ruby,SECURITY.md,3
MohamedkniriQ/QenuQ,SECURITY.md,3
msx752/WindowsForms.Console,SECURITY.md,3
taedonn/portfolio,SECURITY.md,3
YsarocK/nuxt-appwrite,SECURITY.md,3
taedonn/resume,SECURITY.md,3
WhyNotDogie/luvjs,SECURITY.md,3
DakshCodess/DinoGame,SECURITY.md,3
shendanil/tenzi-game,SECURITY.md,3
shakiblimon/i_love_coffee,SECURITY.md,3
harunjeylan/alif_django_react_ecommerce,SECURITY.md,3
Eviloma/EvilomaID,SECURITY.md,2
aptible/cadvisor-factory,SECURITY.md,3
aptible/joecool,SECURITY.md,3
kamekichi110/blog.sirokuma,SECURITY.md,3
kamekichi110/blog.sirokuma,node_modules/tslib/SECURITY.md,4
kamekichi110/blog.sirokuma,node_modules/npm/node_modules/node-gyp/SECURITY.md,0
kamekichi110/blog.sirokuma,node_modules/npm/node_modules/events/security.md,3
kamekichi110/blog.sirokuma,node_modules/highlight.js/SECURITY.md,3
betatester1024/BetaUtilities,SECURITY.md,3
betatester1024/BetaUtilities,node_modules/cookie/SECURITY.md,2
betatester1024/BetaUtilities,node_modules/bcrypt/SECURITY.md,3
betatester1024/BetaUtilities,node_modules/body-parser/SECURITY.md,2
betatester1024/BetaUtilities,node_modules/finalhandler/SECURITY.md,2
betatester1024/BetaUtilities,node_modules/send/SECURITY.md,2
betatester1024/BetaUtilities,node_modules/raw-body/SECURITY.md,2
microsoft/opendatasheets-framework,SECURITY.md,4
msx752/SampleDotnet.Result,SECURITY.md,3
thiru1990/AzureCommunicationServcieUI,SECURITY.md,3
justPa1nbro/Trojan-Made-by-musALLat,SECURITY.md,3
asrafulsharker/c-basic,SECURITY.md,3
lin-dongyizhi7/my-piano,SECURITY.md,3
Xuanwo/Xuanwo,pages/CircleCI%20Security%20Alert%253A%20Rotate%20Any%20Secrets%20Stored%20in%20CircleCI.md,0
Xuanwo/Xuanwo,pages/AWS%20Security%20Token%20Service.md,0
Richard-Barrett/spectacles-workflow,SECURITY.md,3
Slyrith/Arcadius,SECURITY.md,3
Slyrith/Arcadius,node_modules/cookie/SECURITY.md,2
Slyrith/Arcadius,node_modules/body-parser/SECURITY.md,2
Slyrith/Arcadius,node_modules/finalhandler/SECURITY.md,2
Slyrith/Arcadius,node_modules/send/SECURITY.md,2
Slyrith/Arcadius,node_modules/raw-body/SECURITY.md,2
100backslash001/Tanks-Game,SECURITY.md,3
Dpd8464/htmlPage,SECURITY.md,3
duckinator/bork,SECURITY.md,3
aptible/chkbundle,SECURITY.md,3
Konloch/DynVarMap,SECURITY.md,3
swedishstudiosgames/ssg-regen,SECURITY.md,3
mathiasbynens/Array.from,.github/SECURITY.md,1
IOWIFI6-GLOBAL/jacqueline-s-mbp-macappstore,SECURITY.md,0
Joinfs/JoinFS,SECURITY.md,3
microsoft/dataflow2text,SECURITY.md,4
GAEAlimited/gatsby-starter,SECURITY.md,3
Aye10032/CommunismBotPlatform,SECURITY.md,3
MOHAMMAD3230/PROJECT,SECURITY.md,3
velprabbha/java-core,SECURITY.md,3
Nideeshp/googlestore.in,SECURITY.md,3
jhalmu/blogDashboardAdmin,SECURITY.md,3
VolkanSah/MiniGreX-CMS,documentation/security_upload_function.md,1
VolkanSah/MiniGreX-CMS,documentation/public-security.md,1
VolkanSah/MiniGreX-CMS,documentation/core-security.md,1
VolkanSah/MiniGreX-CMS,documentation/admin-security.md,1
YannGotti/mirgorodsky-project,SECURITY.md,3
kallioaleksi/slackstatus,SECURITY.md,3
new92/IGFollowersIncreaser,SECURITY.md,2
muskieclark/operationrm.github.io,SECURITY.md,3
executablebooks/markdown-it-py,SECURITY.md,3
TerrorByteTW/Honeypot,SECURITY.md,3
DevCycleHQ/.github,.github/SECURITY.md,1
Kaito-Nishihara/CsGrpcServer,SECURITY.md,3
dajiaji/pyseto,SECURITY.md,3
MrBisquit/uniqueit,SECURITY.md,3
PercyPotterN/202302-C83-Class,SECURITY.md,3
YasserOuamCor/Opilse,SECURITY.md,3
pilypio/frontend,SECURITY.md,3
school22online/School,SECURITY.md,3
Saifulislamsalim79/test_codeql,SECURITY.md,3
aptible/docker-hog,SECURITY.md,3
RightToAskOrg/website-javascript,SECURITY.md,3
miyabin66/ganotify,SECURITY.md,3
aptible/docker-nginx,SECURITY.md,3
aptible/spawn_passthrough,SECURITY.md,3
soufiyanbenallal/map-dev,SECURITY.md,3
nandhakumarRNK/Animated-404-Error-Page,SECURITY.md,3
joshreep/captain-hook,SECURITY.md,3
marklindsey11/ATC1,SECURITY.md,2
CasserolePrivacy/Chameleon,SECURITY.md,3
oracle/trace-propagator,SECURITY.md,3
WeydsonCristiano/cristunes,SECURITY.md,3
ramykatour/bitnou-Fronted,SECURITY.md,3
MirrorNetworking/Mirror,SECURITY.md,6
aweshchoudhary/stellar-aesthetics,SECURITY.md,3
takenet/deckard,SECURITY.md,3
Pruiman/Autotcpkill,SECURITY.md,3
SauravMaheshkar/Node-Property-Prediction,.github/SECURITY.md,3
girbola/mdir_fx,SECURITY.md,3
gotcpforward/gotcpforward,SECURITY.md,3
PenglinYang/security-best-practice,security-best-practice.md,8
PenglinYang/security-best-practice,security-best-practice-en.md,8
Eknathreddy09/airgapworkshop-tap,workshop/content/exercises/12-security-analysis.md,0
robo369/transfer-data-money-to-Bank-Mellat-ns1-2-with-Python,SECURITY.md,3
roeea2/RoeeOX,SECURITY.md,0
tavaresgerson/nestdocbr,openapi/security.md,1
priteshyadav444/validation,SECURITY.md,0
bomonike/gha-baseline,SECURITY.md,3
ballukpy/ATM-project,SECURITY.md,3
ngerakines/k8s-consul-mutator-rs,SECURITY.md,3
oracle/tax-reporting-framework-cli,SECURITY.md,3
sanket-2001/sanket2001.github.io,SECURITY.md,3
devnamdev2003/PC_Assistant,SECURITY.md,3
openlink/virtuoso-opensource,SECURITY.md,3
Conwq/repository-template,SECURITY.md,3
dicebear/figma-exporter-plugin,SECURITY.md,2
dkmca-gh/gimit.gh,SECURITY.md,2
JVT038/MetaTube,SECURITY.md,1
rust-nostr/nostr-signer,SECURITY.md,1
ManethChandupa/Chandupa32,SECURITY.md,3
GaurangB/cucumber-java-2023,SECURITY.md,3
emanuele-em/man-in-the-middle-proxy,SECURITY.md,9
msx752/PackZero.HostedConsoleService,SECURITY.md,3
AlperAkca79/SkyNotepad,SECURITY.md,3
ageha734/proxmox_proxy_top_html,SECURITY.md,3
themuuln/nvim,SECURITY.md,3
Vishal97012/response-website-1,SECURITY.md,3
Gonglja/my-garden,SECURITY.md,3
benisalla/imane-ismail-portfolio,SECURITY.md,3
alexbars215/Lighthouse-Labs,SECURITY.md,3
0x4974616c6f/ferrinox-api-TDD,SECURITY.md,3
imyt/skeleton-templates,SECURITY.md,3
hr17045/SCHOL2023,SECURITY.md,3
quality-stack/java-selenium-qa,SECURITY.md,3
spring-projects/.github,SECURITY.md,1
arunpillai6/DVWA,SECURITY.md,3
aptible/aptible-api-ruby,SECURITY.md,3
statisticsnorway/microdata-metadata-service,SECURITY.md,2
Eidikoz/1913110035_express,SECURITY.md,3
mo-tarek/Teach-Yourself-CS,SECURITY.md,3
mithraiclabs/psyoptions,SECURITY.md,4
Atmosera-admin-prep/handouts,SECURITY.md,3
msechen/JD_Diy,SECURITY.md,3
WangMinan/management-client,SECURITY.md,2
guereslib/ten-reproducible-research-things,content/03-security.md,2
malek-annabi/portfolioReact,SECURITY.md,3
oracle/coherence-idea-plugin,SECURITY.md,3
yangyibiao/yangyibiao.github.io,SECURITY.md,3
Maggomann/filament-tournament-league-administration,SECURITY.md,3
Yushinta/weddingv2,SECURITY.md,3
vivekthakurcse/TextUtils,SECURITY.md,3
blackcon/blackcon.github.io,_posts/blog/2023-02-16-Archive-about-aptos-security.md,4
sajedjalil/ChatGPT-Software-Testing-Study,SECURITY.md,3
MrLeeDeFi/Mev_Bot,Security.md,3
RyanUlch/lucillefrank,SECURITY.md,3
VERIPI/veripi,SECURITY.md,3
pete-buwembo/monopoly-masters,SECURITY.md,3
hmake98/nestjs-starter,SECURITY.md,3
tinymce/tinymce-jquery,SECURITY.md,2
guilhermelinosp/INPI-Integrator,SECURITY.md,3
gbrayhan/rsuite-nextjs,SECURITY.md,3
nv-morpheus/.github,SECURITY.md,0
miroslavpejic85/mirotalk,SECURITY.md,2
winofwin292/vn-ad,SECURITY.md,3
NiladriSaha1992/Fuel-Cost-File-IO,SECURITY.md,3
Int3rPlanetary/int3rplanetary,SECURITY.md,3
statisticsnorway/dapla_github_metrics,SECURITY.md,2
Peyxw/Deprem-Api,SECURITY.md,3
FabianaCampanari/FabiCard,SECURITY.md,3
forestrharumaki/Leafcube,SECURITY.md,3
Aurea-Juniper/FireGold-Bot,SECURITY.md,3
GoodGuyForReal/kanbanboard,SECURITY.md,3
vhdeshpande/DemoRepo,SECURITY.md,3
EGY-Temble/Adidas,SECURITY.md,3
craftcms/.github,SECURITY.md,7
BancoContinental/projectBase,SECURITY.md,3
MartinHelwig/MartinHelwig.github.io,SECURITY.md,3
oracle/cloudtestdrive,SECURITY.md,3
oracle/cloudtestdrive,AppDev/cloud-native/dev-ops/general/environment-setup/security-setup.md,11
oracle/cloudtestdrive,ATP/extending-apex-with-ADB/add-security/add-security.md,10
thmreza/pv080_test_cpp,SECURITY.md,3
Azure/observability-foundations,SECURITY.md,4
Konloch/SafeYAML,SECURITY.md,3
KouShenhai/KCloud-Platform-Alibaba,SECURITY.md,2
danbao090/YelpCampD,SECURITY.md,3
dajiaji/bhttp-js,SECURITY.md,3
AllieInJune04/RENTOR_NHOM1_NT118.N11_2023,SECURITY.md,3
Konloch/StringVars,SECURITY.md,3
CusMeDroid/absenonline,SECURITY.md,3
HDauven/dusk-itn-phase-I,SECURITY.md,2
Enclave-EGO/backend,SECURITY.md,3
signalwire/libks,SECURITY.md,2
DarkCopnay/ClientSite,SECURITY.md,3
Whyuachmadshfrdn/SIMADES,SECURITY.md,3
tacosontitan/project-odin,SECURITY.md,3
thicccat688/selenium-recaptcha-solver,SECURITY.md,3
PJDude/dude,SECURITY.md,1
Maksim2498/poms,docs/SECURITY.md,3
yaleman/github_linter,github_linter/fixes/security_md/SECURITY.md,3
yaleman/github_linter,github_linter/tests/security_md.py,0
yaleman/github_linter,SECURITY.MD,3
microsoft/axe-sarif-converter,SECURITY.md,4
microsoft/mu_feature_config,SECURITY.md,6
microsoftgraph/microsoft-graph-docs,api-reference/v1.0/includes/snippets/csharp/security-runhuntingquery-csharp-snippets.md,0
microsoftgraph/microsoft-graph-docs,concepts/custom-security-attributes-examples.md,182
microsoftgraph/microsoft-graph-docs,api-reference/v1.0/api/security-caseoperation-get.md,18
microsoftgraph/microsoft-graph-docs,api-reference/v1.0/api/security-ediscoverycustodian-post-unifiedgroupsources.md,25
microsoftgraph/microsoft-graph-docs,api-reference/v1.0/api/security-ediscoverysearch-delete-noncustodialsources.md,12
microsoftgraph/microsoft-graph-docs,api-reference/v1.0/api/security-ediscoverycase-post-searches.md,16
microsoftgraph/microsoft-graph-docs,api-reference/v1.0/api/security-ediscoveryreviewtag-update.md,15
microsoftgraph/microsoft-graph-docs,api-reference/v1.0/api/security-ediscoverycase-list-noncustodialdatasources.md,19
microsoftgraph/microsoft-graph-docs,api-reference/v1.0/api/security-ediscoverycustodian-list-sitesources.md,17
microsoftgraph/microsoft-graph-docs,api-reference/v1.0/api/security-alert-post-comments.md,11
microsoftgraph/microsoft-graph-docs,api-reference/v1.0/api/security-ediscoverycase-list-searches.md,17
microsoftgraph/microsoft-graph-docs,api-reference/v1.0/api/security-alert-update.md,16
microsoftgraph/microsoft-graph-docs,api-reference/v1.0/api/security-list-alerts_v2.md,21
microsoftgraph/microsoft-graph-docs,api-reference/v1.0/api/security-ediscoveryreviewtag-get.md,17
microsoftgraph/microsoft-graph-docs,api-reference/v1.0/api/security-ediscoverycustodian-removehold.md,23
microsoftgraph/microsoft-graph-docs,api-reference/v1.0/api/security-ediscoverysearch-post-additionalsources.md,16
microsoftgraph/microsoft-graph-docs,api-reference/v1.0/api/security-ediscoverysearch-post-noncustodialsources.md,15
microsoftgraph/microsoft-graph-docs,api-reference/v1.0/api/security-ediscoverycase-post-noncustodialdatasources.md,16
microsoftgraph/microsoft-graph-docs,api-reference/v1.0/api/security-ediscoverycase-post-custodians.md,16
microsoftgraph/microsoft-graph-docs,api-reference/v1.0/api/security-list-incidents.md,33
microsoftgraph/microsoft-graph-docs,api-reference/v1.0/api/security-ediscoverycase-post-tags.md,23
microsoftgraph/microsoft-graph-docs,api-reference/v1.0/api/security-ediscoveryreviewset-get.md,17
microsoftgraph/microsoft-graph-docs,api-reference/v1.0/api/security-ediscoveryreviewtag-ashierarchy.md,21
microsoftgraph/microsoft-graph-docs,api-reference/v1.0/api/security-casesroot-post-ediscoverycases.md,16
microsoftgraph/microsoft-graph-docs,api-reference/v1.0/api/security-ediscoverycustodian-activate.md,15
microsoftgraph/microsoft-graph-docs,api-reference/v1.0/api/security-ediscoverysearch-list-additionalsources.md,23
microsoftgraph/microsoft-graph-docs,api-reference/v1.0/api/security-ediscoverycase-list-tags.md,16
microsoftgraph/microsoft-graph-docs,api-reference/v1.0/api/security-ediscoverysearch-post-custodiansources.md,15
microsoftgraph/microsoft-graph-docs,api-reference/v1.0/api/security-list-securescores.md,18
microsoftgraph/microsoft-graph-docs,api-reference/v1.0/api/security-ediscoverynoncustodialdatasource-applyhold.md,23
OWASP/DevSecOpsGuideline,document/02a-Static-Application-Security-Testing.md,2
OWASP/DevSecOpsGuideline,document/02c-Interactive-Application-Security-Testing.md,5
OWASP/DevSecOpsGuideline,document/02b-Dynamic-Application-Security-Testing.md,3
microsoft/accessibility-insights-web,SECURITY.md,4
microsoft/accessibility-insights-action,SECURITY.md,4
habitry/medium_posts,_motivating_info_security.md,14
Azure/AvereSDK,SECURITY.md,4
fleetdm/fleet,articles/stay-on-course-with-your-security-compliance-goals.md,6
fleetdm/fleet,SECURITY.md,3
kamrankhan-magento/magento2-devdocs,src/security/content-security-policy-overview.md,2
kamrankhan-magento/magento2-devdocs,src/security/security-and-compliance.md,1
kamrankhan-magento/magento2-devdocs,src/guides/v2.3/rest/anonymous-api-security.md,0
kamrankhan-magento/magento2-devdocs,src/guides/v2.3/extension-dev-guide/security/content-security-policies.md,9
kamrankhan-magento/magento2-devdocs,src/guides/v2.3/install-gde/prereq/security.md,4
kamrankhan-magento/magento2-devdocs,src/guides/v2.3/architecture/security_intro.md,6
kamrankhan-magento/magento2-devdocs,src/guides/v2.3/ext-best-practices/extension-coding/security-performance-data-bp.md,12
magento/devdocs,src/guides/v2.3/get-started/api-security.md,7
magento/devdocs,src/guides/v2.3/graphql/security-configuration.md,4
magento/devdocs,src/guides/v2.3/extension-dev-guide/security/content-security-policies.md,9
magento/devdocs,src/guides/v2.3/ext-best-practices/extension-coding/security-performance-data-bp.md,14
magento/devdocs,src/guides/v2.3/rest/anonymous-api-security.md,0
fabkravmaga/blogposts,Singapore_Education_Affect_Security_Mindset.md,12
msrredd/cypres,SECURITY.md,1
msrredd/cypress,SECURITY.md,1
cypress-io/cypress,SECURITY.md,1
ianngqoyiyana/cypress,SECURITY.md,1
Mbed-TLS/mbedtls,SECURITY.md,3
mr-kubikus/mbedtls,SECURITY.md,3
chrihop/mbedtls_linux_kernel,SECURITY.md,3
Nicco850/https-github.com-cypress-io-cypress-,SECURITY.md,1
johnlim2019/mbedtls-afl,SECURITY.md,3
zephyrproject-rtos/mbedtls,SECURITY.md,3
MicrosoftDocs/SupportArticles-docs,support/windows-client/windows-security/how-to-enable-diagnostic-logging-for-windows-security-center.md,3
MicrosoftDocs/SupportArticles-docs,support/dynamics/gp/frequently-asked-questions-role-based-security.md,6
MicrosoftDocs/SupportArticles-docs,support/dynamics/gp/faqs-about-advanced-security-and-field-level-security.md,4
MicrosoftDocs/SupportArticles-docs,support/developer/webapps/aspnet/development/security-overview.md,14
MicrosoftDocs/SupportArticles-docs,support/developer/webapps/aspnet/www-authentication-authorization/troubleshoot-permissions-security-issues.md,9
MicrosoftDocs/SupportArticles-docs,support/developer/biztalk/accelerators/fail-install-security-post-2871997-update.md,9
MicrosoftDocs/SupportArticles-docs,support/developer/browsers/security-privacy/ie-security-zones-registry-entries.md,10
MicrosoftDocs/SupportArticles-docs,support/developer/dotnet/framework/general/error-security-descriptor-native-image-module.md,4
MicrosoftDocs/SupportArticles-docs,support/developer/webapps/aspnet/site-behavior-performance/system-security-securityexception.md,8
MicrosoftDocs/SupportArticles-docs,support/developer/browsers/security-privacy/cannot-turn-off-enhanced-security.md,7
MicrosoftDocs/SupportArticles-docs,support/developer/browsers/security-privacy/how-to-set-java-security.md,2
MicrosoftDocs/SupportArticles-docs,support/dynamics/gp/use-integrate-menu-create-security-task.md,4
MicrosoftDocs/SupportArticles-docs,support/dynamics/gp/verify-tax-tables-have-correct-fica-social-security-limit.md,1
MicrosoftDocs/SupportArticles-docs,support/dynamics/gp/you-do-not-have-security-privileges.md,8
MicrosoftDocs/SupportArticles-docs,support/dynamics/gp/you-do-not-have-security-privileges-to-this-window.md,14
MicrosoftDocs/SupportArticles-docs,support/dynamics/gp/you-do-not-have-security-privileges-to-open-this-window.md,4
MicrosoftDocs/SupportArticles-docs,support/dynamics/gp/enable-minimum-security-access.md,5
MicrosoftDocs/SupportArticles-docs,support/dynamics/gp/menus-for-third-party-product-not-appear-in-by-menu-view-of-advanced-security-windows.md,3
MicrosoftDocs/SupportArticles-docs,support/dynamics/gp/cannot-use-payroll-clerk-security-to-calculate-payroll-checks.md,4
MicrosoftDocs/SupportArticles-docs,support/dynamics/gp/econnect-requires-integrated-security.md,5
MicrosoftDocs/SupportArticles-docs,support/windows-client/networking/windows-security-alert-wireless-network.md,5
MicrosoftDocs/SupportArticles-docs,support/windows-client/shell-experience/disable-security-tab-use-group-policy.md,3
MicrosoftDocs/SupportArticles-docs,support/windows-client/shell-experience/modern-apps-blocked-security-software-start-applications.md,4
MicrosoftDocs/SupportArticles-docs,support/windows-client/windows-security/windows-security-overview.md,2
connectedway/mbedtls,SECURITY.md,3
katterianjali/Intern_mbedtls,SECURITY.md,3
cncf/glossary,content/pt-br/cloud-native-security.md,3
cncf/glossary,content/pt-br/transport-layer-security.md,3
cncf/glossary,content/zh-cn/cloud-native-security.md,3
cncf/glossary,content/en/cloud-native-security.md,3
cncf/glossary,content/bn/cloud-native-security.md,3
opensearch-project/dashboards-anywhere,SECURITY.md,1
ossf/scorecard,SECURITY.md,1
spencerschrock/scorecard-test,SECURITY.md,1
vmware-tanzu/kubeapps,site/content/docs/latest/project/security.md,0
vmware-tanzu/kubeapps,SECURITY.md,1
Msap82/Msap82,docs/guides/admin/docs/configuration/security.user.sakai.md,6
Msap82/Msap82,docs/guides/admin/docs/configuration/security.ldap.md,0
Msap82/Msap82,docs/guides/developer/docs/modules/stream-security.md,9
Msap82/Msap82,docs/guides/admin/docs/modules/stream-security.md,12
Msap82/Msap82,docs/guides/admin/docs/configuration/security.md,5
Msap82/Msap82,docs/guides/admin/docs/configuration/security.user.moodle.md,7
Msap82/Msap82,docs/guides/admin/docs/configuration/security.aai.md,0
Msap82/Msap82,docs/guides/developer/docs/api/security-api.md,8
Msap82/Msap82,docs/guides/admin/docs/configuration/security.user.brightspace.md,9
Msap82/Msap82,docs/guides/admin/docs/configuration/security.cas.md,2
Msap82/Msap82,docs/guides/developer/docs/security.md,0
Msap82/Msap82,SECURITY.md,0
Msap82/Msap82,docs/guides/admin/docs/configuration/stream-security.md,11
opencast/opencast-admin-interface,docs/guides/admin/docs/configuration/security.user.sakai.md,6
opencast/opencast-admin-interface,docs/guides/admin/docs/configuration/security.user.moodle.md,7
opencast/opencast-admin-interface,docs/guides/admin/docs/configuration/security.user.canvas.md,7
opencast/opencast-admin-interface,docs/guides/admin/docs/configuration/security.user.brightspace.md,8
opencast/opencast-admin-interface,docs/guides/admin/docs/configuration/security.cas.md,2
opencast/opencast-admin-interface,docs/guides/admin/docs/configuration/security.jwt.md,0
opencast/opencast-admin-interface,docs/guides/admin/docs/configuration/security.md,5
opencast/opencast-admin-interface,docs/guides/admin/docs/configuration/stream-security.md,11
opencast/opencast-admin-interface,docs/guides/admin/docs/configuration/security.ldap.md,0
opencast/opencast-admin-interface,docs/guides/developer/docs/modules/stream-security.md,9
opencast/opencast-admin-interface,docs/guides/developer/docs/api/security-api.md,8
opencast/opencast-admin-interface,docs/guides/admin/docs/modules/stream-security.md,12
opencast/opencast-admin-interface,docs/guides/admin/docs/configuration/security.aai.md,0
opencast/opencast-admin-interface,docs/guides/developer/docs/security.md,0
opencast/opencast-admin-interface,SECURITY.md,0
RomainBrault/python-whiteprint,docs/security.md,0
RomainBrault/python-whiteprint,SECURITY.md,1
lyz-code/blue-book,docs/devops/aws/security_groups.md,7
davidght1/Mern-Blog,server/node_modules/express-fileupload/SECURITY.md,3
davidght1/Mern-Blog,server/node_modules/tslib/SECURITY.md,4
davidght1/Mern-Blog,server/node_modules/send/SECURITY.md,2
davidght1/Mern-Blog,server/node_modules/raw-body/SECURITY.md,2
davidght1/Mern-Blog,server/node_modules/mpath/SECURITY.md,1
davidght1/Mern-Blog,server/node_modules/mongoose/SECURITY.md,0
davidght1/Mern-Blog,server/node_modules/mquery/SECURITY.md,0
davidght1/Mern-Blog,server/node_modules/cookie/SECURITY.md,2
davidght1/Mern-Blog,server/node_modules/finalhandler/SECURITY.md,2
davidght1/Mern-Blog,server/node_modules/body-parser/SECURITY.md,2
hayate891/opencast,docs/guides/admin/docs/configuration/security.aai.md,0
hayate891/opencast,docs/guides/developer/docs/modules/stream-security.md,8
hayate891/opencast,docs/guides/admin/docs/configuration/security.cas.md,4
hayate891/opencast,docs/guides/admin/docs/configuration/security.ldap.md,4
hayate891/opencast,docs/guides/admin/docs/modules/stream-security.md,12
hayate891/opencast,docs/guides/admin/docs/configuration/security.md,4
hayate891/opencast,docs/guides/developer/docs/api/security-api.md,7
hayate891/opencast,docs/guides/admin/docs/configuration/stream-security.md,11
MaximilianKorn/opencastST,docs/guides/admin/docs/configuration/security.md,5
MaximilianKorn/opencastST,docs/guides/admin/docs/configuration/security.cas.md,2
MaximilianKorn/opencastST,docs/guides/admin/docs/configuration/stream-security.md,11
MaximilianKorn/opencastST,docs/guides/admin/docs/configuration/security.user.sakai.md,6
MaximilianKorn/opencastST,docs/guides/admin/docs/configuration/security.ldap.md,0
MaximilianKorn/opencastST,docs/guides/developer/docs/modules/stream-security.md,9
MaximilianKorn/opencastST,docs/guides/developer/docs/api/security-api.md,8
MaximilianKorn/opencastST,docs/guides/admin/docs/modules/stream-security.md,12
MaximilianKorn/opencastST,docs/guides/admin/docs/configuration/security.jwt.md,0
MaximilianKorn/opencastST,docs/guides/admin/docs/configuration/security.aai.md,0
MaximilianKorn/opencastST,docs/guides/admin/docs/configuration/security.user.canvas.md,7
MaximilianKorn/opencastST,docs/guides/developer/docs/security.md,0
MaximilianKorn/opencastST,docs/guides/admin/docs/configuration/security.user.moodle.md,7
MaximilianKorn/opencastST,SECURITY.md,0
MaximilianKorn/opencastST,docs/guides/admin/docs/configuration/security.user.brightspace.md,8
gitrunners-com/benchmark-appsmith,SECURITY.md,2
opencast/opencast,docs/guides/admin/docs/configuration/security.jwt.md,0
opencast/opencast,docs/guides/admin/docs/configuration/security.user.sakai.md,6
opencast/opencast,docs/guides/admin/docs/configuration/security.user.moodle.md,7
opencast/opencast,docs/guides/admin/docs/configuration/security.user.canvas.md,7
opencast/opencast,docs/guides/admin/docs/configuration/security.user.brightspace.md,8
opencast/opencast,docs/guides/admin/docs/configuration/security.cas.md,2
opencast/opencast,docs/guides/admin/docs/configuration/stream-security.md,11
opencast/opencast,docs/guides/admin/docs/configuration/security.md,5
opencast/opencast,SECURITY.md,0
opencast/opencast,docs/guides/admin/docs/configuration/security.ldap.md,0
opencast/opencast,docs/guides/admin/docs/modules/stream-security.md,12
opencast/opencast,docs/guides/admin/docs/configuration/security.aai.md,0
opencast/opencast,docs/guides/developer/docs/modules/stream-security.md,9
opencast/opencast,docs/guides/developer/docs/api/security-api.md,8
opencast/opencast,docs/guides/developer/docs/security.md,0
harvard-dce/dce-opencast,docs/guides/admin/docs/configuration/security.ldap.md,4
harvard-dce/dce-opencast,docs/guides/developer/docs/modules/stream-security.md,8
harvard-dce/dce-opencast,docs/guides/admin/docs/configuration/security.cas.md,4
harvard-dce/dce-opencast,docs/guides/admin/docs/modules/stream-security.md,12
harvard-dce/dce-opencast,docs/guides/admin/docs/configuration/security.md,4
harvard-dce/dce-opencast,docs/guides/developer/docs/api/security-api.md,7
harvard-dce/dce-opencast,docs/guides/admin/docs/configuration/stream-security.md,11
jaegertracing/jaeger,SECURITY.md,11
MicrosoftDocs/azure-dev-docs,SECURITY.md,4
MicrosoftDocs/azure-dev-docs,articles/java/sdk/security-samples.md,1
MicrosoftDocs/azure-dev-docs,articles/java/migration/includes/account-for-the-use-of-custom-security-providers-and-jaas.md,1
venkataswamyMedidi/Webflix,node_modules/node-sass/src/libsass/SECURITY.md,0
bcelenza/aws-cwq,SECURITY.md,3
EdmondFrank/gitlab,doc/user/project/security_dashboard.md,0
EdmondFrank/gitlab,doc/gitlab-geo/security-review.md,0
EdmondFrank/gitlab,doc/user/account/security.md,0
EdmondFrank/gitlab,doc/administration/geo/replication/security_review.md,53
EdmondFrank/gitlab,doc/development/fe_guide/security.md,6
EdmondFrank/gitlab,.gitlab/merge_request_templates/Security%20Release.md,4
EdmondFrank/gitlab,.gitlab/issue_templates/Security%20Release.md,7
EdmondFrank/gitlab,.gitlab/issue_templates/Security%20developer%20workflow.md,8
Dublez/zeebe,clients/go/vendor/google.golang.org/grpc/SECURITY.md,1
Dublez/zeebe,SECURITY.md,1
visnix/gitlab-foss,doc/development/fe_guide/security.md,8
visnix/gitlab-foss,doc/administration/geo/replication/security_review.md,53
visnix/gitlab-foss,.gitlab/issue_templates/Security%20developer%20workflow.md,8
visnix/gitlab-foss,.gitlab/merge_request_templates/Security%20Release.md,4
CSU-OSA/Akashic-git,doc/security/responding_to_security_incidents.md,3
CSU-OSA/Akashic-git,doc/user/application_security/get-started-security.md,1
CSU-OSA/Akashic-git,doc/development/fe_guide/security.md,8
CSU-OSA/Akashic-git,doc/development/sec/security_report_ingestion_overview.md,9
CSU-OSA/Akashic-git,doc/administration/geo/replication/security_review.md,53
CSU-OSA/Akashic-git,.gitlab/issue_templates/Security%20developer%20workflow.md,8
CSU-OSA/Akashic-git,.gitlab/merge_request_templates/Security%20Release.md,4
carlos-wong/gitlab-ce-carlos,doc/user/project/security_dashboard.md,0
carlos-wong/gitlab-ce-carlos,doc/gitlab-geo/security-review.md,0
carlos-wong/gitlab-ce-carlos,doc/user/account/security.md,0
carlos-wong/gitlab-ce-carlos,doc/development/fe_guide/security.md,6
carlos-wong/gitlab-ce-carlos,doc/administration/geo/replication/security_review.md,53
carlos-wong/gitlab-ce-carlos,.gitlab/issue_templates/Security%20Release.md,7
carlos-wong/gitlab-ce-carlos,.gitlab/issue_templates/Security%20developer%20workflow.md,8
carlos-wong/gitlab-ce-carlos,.gitlab/merge_request_templates/Security%20Release.md,4
zero804/gitlab.community,doc/user/project/security_dashboard.md,0
zero804/gitlab.community,doc/gitlab-geo/security-review.md,0
zero804/gitlab.community,doc/user/account/security.md,0
zero804/gitlab.community,doc/administration/geo/replication/security_review.md,53
zero804/gitlab.community,doc/development/fe_guide/security.md,6
zero804/gitlab.community,.gitlab/merge_request_templates/Security%20Release.md,4
zero804/gitlab.community,.gitlab/issue_templates/Security%20Release.md,7
zero804/gitlab.community,.gitlab/issue_templates/Security%20developer%20workflow.md,8
luca-bassoricci/gitlab,doc/development/fe_guide/security.md,8
luca-bassoricci/gitlab,doc/administration/geo/replication/security_review.md,53
luca-bassoricci/gitlab,.gitlab/merge_request_templates/Security%20Release.md,4
luca-bassoricci/gitlab,.gitlab/issue_templates/Security%20developer%20workflow.md,8
gitlabhq/gitlabhq,doc/user/application_security/get-started-security.md,1
gitlabhq/gitlabhq,.gitlab/issue_templates/Security%20developer%20workflow.md,8
gitlabhq/gitlabhq,doc/development/sec/security_report_ingestion_overview.md,9
gitlabhq/gitlabhq,doc/administration/geo/replication/security_review.md,53
gitlabhq/gitlabhq,doc/security/responding_to_security_incidents.md,3
gitlabhq/gitlabhq,.gitlab/merge_request_templates/Security%20Release.md,4
gitlabhq/gitlabhq,doc/development/fe_guide/security.md,8
yanghonggang/gitlab,doc/user/project/security_dashboard.md,0
yanghonggang/gitlab,doc/gitlab-geo/security-review.md,0
yanghonggang/gitlab,doc/user/account/security.md,0
yanghonggang/gitlab,doc/administration/geo/replication/security_review.md,53
yanghonggang/gitlab,doc/development/fe_guide/security.md,6
yanghonggang/gitlab,.gitlab/merge_request_templates/Security%20Release.md,4
yanghonggang/gitlab,.gitlab/issue_templates/Security%20Release.md,7
yanghonggang/gitlab,.gitlab/issue_templates/Security%20developer%20workflow.md,8
CONIGUERO/gitlab,doc/user/project/security_dashboard.md,0
CONIGUERO/gitlab,doc/gitlab-geo/security-review.md,0
CONIGUERO/gitlab,doc/user/account/security.md,0
CONIGUERO/gitlab,doc/administration/geo/replication/security_review.md,53
CONIGUERO/gitlab,doc/development/fe_guide/security.md,6
CONIGUERO/gitlab,.gitlab/merge_request_templates/Security%20Release.md,4
CONIGUERO/gitlab,.gitlab/issue_templates/Security%20Release.md,7
CONIGUERO/gitlab,.gitlab/issue_templates/Security%20developer%20workflow.md,8
rnveach/gitlab,doc/user/project/security_dashboard.md,0
rnveach/gitlab,doc/gitlab-geo/security-review.md,0
rnveach/gitlab,doc/user/account/security.md,0
rnveach/gitlab,doc/administration/geo/replication/security_review.md,53
rnveach/gitlab,doc/development/fe_guide/security.md,6
rnveach/gitlab,.gitlab/merge_request_templates/Security%20Release.md,4
rnveach/gitlab,.gitlab/issue_templates/Security%20Release.md,7
rnveach/gitlab,.gitlab/issue_templates/Security%20developer%20workflow.md,8
minshi123/gitlab,doc/user/project/security_dashboard.md,0
minshi123/gitlab,doc/gitlab-geo/security-review.md,0
minshi123/gitlab,doc/user/account/security.md,0
minshi123/gitlab,doc/development/fe_guide/security.md,6
minshi123/gitlab,doc/administration/geo/replication/security_review.md,53
minshi123/gitlab,.gitlab/issue_templates/Security%20Release.md,7
minshi123/gitlab,.gitlab/merge_request_templates/Security%20Release.md,4
minshi123/gitlab,.gitlab/issue_templates/Security%20developer%20workflow.md,8
fxiao/gitlab,doc/user/project/security_dashboard.md,0
fxiao/gitlab,doc/gitlab-geo/security-review.md,0
fxiao/gitlab,doc/user/account/security.md,0
fxiao/gitlab,doc/administration/geo/replication/security_review.md,53
fxiao/gitlab,doc/development/fe_guide/security.md,6
fxiao/gitlab,.gitlab/merge_request_templates/Security%20Release.md,4
fxiao/gitlab,.gitlab/merge_request_templates/Security%20Release.md,4
fxiao/gitlab,.gitlab/issue_templates/Security%20Release.md,7
fxiao/gitlab,.gitlab/issue_templates/Security%20developer%20workflow.md,8
rajumukkisa1/tested,doc/administration/geo/replication/security_review.md,53
rajumukkisa1/tested,doc/development/fe_guide/security.md,8
rajumukkisa1/tested,.gitlab/merge_request_templates/Security%20Release.md,4
rajumukkisa1/tested,.gitlab/issue_templates/Security%20developer%20workflow.md,8
gitgov-dev/gitgov_rails,doc/user/project/security_dashboard.md,0
gitgov-dev/gitgov_rails,doc/gitlab-geo/security-review.md,0
gitgov-dev/gitgov_rails,doc/development/fe_guide/security.md,6
gitgov-dev/gitgov_rails,doc/user/account/security.md,0
gitgov-dev/gitgov_rails,doc/administration/geo/replication/security_review.md,53
gitgov-dev/gitgov_rails,.gitlab/merge_request_templates/Security%20Release.md,4
gitgov-dev/gitgov_rails,.gitlab/issue_templates/Security%20Release.md,7
gitgov-dev/gitgov_rails,.gitlab/issue_templates/Security%20developer%20workflow.md,8
knkgun/GitLab,doc/user/project/security_dashboard.md,0
knkgun/GitLab,doc/gitlab-geo/security-review.md,0
knkgun/GitLab,doc/user/account/security.md,0
knkgun/GitLab,doc/administration/geo/replication/security_review.md,53
knkgun/GitLab,doc/development/fe_guide/security.md,6
knkgun/GitLab,.gitlab/merge_request_templates/Security%20Release.md,4
knkgun/GitLab,.gitlab/issue_templates/Security%20Release.md,7
knkgun/GitLab,.gitlab/issue_templates/Security%20developer%20workflow.md,8
samg/a-gl,doc/development/fe_guide/security.md,8
samg/a-gl,doc/administration/geo/replication/security_review.md,53
samg/a-gl,.gitlab/merge_request_templates/Security%20Release.md,4
samg/a-gl,.gitlab/issue_templates/Security%20developer%20workflow.md,8
afdafdas/gitlab-test,doc/security/responding_to_security_incidents.md,3
afdafdas/gitlab-test,doc/user/application_security/get-started-security.md,1
afdafdas/gitlab-test,doc/development/fe_guide/security.md,8
afdafdas/gitlab-test,doc/development/sec/security_report_ingestion_overview.md,9
afdafdas/gitlab-test,doc/administration/geo/replication/security_review.md,53
afdafdas/gitlab-test,.gitlab/issue_templates/Security%20developer%20workflow.md,8
afdafdas/gitlab-test,.gitlab/merge_request_templates/Security%20Release.md,4
nickbrandt/GitLab,doc/user/project/security_dashboard.md,0
nickbrandt/GitLab,doc/gitlab-geo/security-review.md,0
nickbrandt/GitLab,doc/user/account/security.md,0
nickbrandt/GitLab,doc/administration/geo/replication/security_review.md,53
nickbrandt/GitLab,doc/development/fe_guide/security.md,6
nickbrandt/GitLab,.gitlab/merge_request_templates/Security%20Release.md,4
nickbrandt/GitLab,.gitlab/issue_templates/Security%20Release.md,7
nickbrandt/GitLab,.gitlab/issue_templates/Security%20developer%20workflow.md,8
myersg86/gitlab,doc/user/project/security_dashboard.md,0
myersg86/gitlab,doc/gitlab-geo/security-review.md,0
myersg86/gitlab,doc/user/account/security.md,0
myersg86/gitlab,doc/administration/geo/replication/security_review.md,53
myersg86/gitlab,doc/development/fe_guide/security.md,6
myersg86/gitlab,.gitlab/merge_request_templates/Security%20Release.md,4
myersg86/gitlab,.gitlab/issue_templates/Security%20Release.md,7
myersg86/gitlab,.gitlab/issue_templates/Security%20developer%20workflow.md,8
nowkoai/test,doc/development/fe_guide/security.md,8
nowkoai/test,doc/administration/geo/replication/security_review.md,53
nowkoai/test,.gitlab/merge_request_templates/Security%20Release.md,4
nowkoai/test,.gitlab/issue_templates/Security%20developer%20workflow.md,8
terrchen/gitlab,doc/administration/geo/replication/security_review.md,53
terrchen/gitlab,doc/development/fe_guide/security.md,7
terrchen/gitlab,.gitlab/issue_templates/Security%20developer%20workflow.md,8
terrchen/gitlab,.gitlab/merge_request_templates/Security%20Release.md,4
skipmaple/gitchinalab,doc/user/project/security_dashboard.md,0
skipmaple/gitchinalab,doc/gitlab-geo/security-review.md,0
skipmaple/gitchinalab,doc/user/account/security.md,0
skipmaple/gitchinalab,doc/administration/geo/replication/security_review.md,53
skipmaple/gitchinalab,doc/development/fe_guide/security.md,6
skipmaple/gitchinalab,.gitlab/merge_request_templates/Security%20Release.md,4
skipmaple/gitchinalab,.gitlab/issue_templates/Security%20Release.md,7
skipmaple/gitchinalab,.gitlab/issue_templates/Security%20developer%20workflow.md,8
lfuelling/gitlab,doc/user/project/security_dashboard.md,0
lfuelling/gitlab,doc/user/account/security.md,0
lfuelling/gitlab,doc/administration/geo/replication/security_review.md,53
lfuelling/gitlab,doc/development/fe_guide/security.md,7
lfuelling/gitlab,.gitlab/merge_request_templates/Security%20Release.md,4
lfuelling/gitlab,.gitlab/issue_templates/Security%20developer%20workflow.md,8
rocLv/gitlab,doc/user/project/security_dashboard.md,0
rocLv/gitlab,doc/gitlab-geo/security-review.md,0
rocLv/gitlab,doc/user/account/security.md,0
rocLv/gitlab,doc/administration/geo/replication/security_review.md,53
rocLv/gitlab,doc/development/fe_guide/security.md,6
rocLv/gitlab,.gitlab/merge_request_templates/Security%20Release.md,4
rocLv/gitlab,.gitlab/issue_templates/Security%20Release.md,7
rocLv/gitlab,.gitlab/issue_templates/Security%20developer%20workflow.md,8
googleapis/gapic-generator-php,SECURITY.md,1
lunaisnotaboy/gitlab,doc/user/project/security_dashboard.md,0
lunaisnotaboy/gitlab,doc/gitlab-geo/security-review.md,0
lunaisnotaboy/gitlab,doc/user/account/security.md,0
lunaisnotaboy/gitlab,doc/administration/geo/replication/security_review.md,53
lunaisnotaboy/gitlab,doc/development/fe_guide/security.md,6
lunaisnotaboy/gitlab,.gitlab/merge_request_templates/Security%20Release.md,4
lunaisnotaboy/gitlab,.gitlab/issue_templates/Security%20Release.md,7
lunaisnotaboy/gitlab,.gitlab/issue_templates/Security%20developer%20workflow.md,8
DanPoliseno/g2,doc/user/project/security_dashboard.md,0
DanPoliseno/g2,doc/gitlab-geo/security-review.md,0
DanPoliseno/g2,doc/user/account/security.md,0
DanPoliseno/g2,doc/administration/geo/replication/security_review.md,53
DanPoliseno/g2,doc/development/fe_guide/security.md,6
DanPoliseno/g2,.gitlab/merge_request_templates/Security%20Release.md,4
DanPoliseno/g2,.gitlab/issue_templates/Security%20Release.md,7
DanPoliseno/g2,.gitlab/issue_templates/Security%20developer%20workflow.md,8
42Atomys/stud42,SECURITY.md,3
dm-kat/manual-clone,doc/security/responding_to_security_incidents.md,3
dm-kat/manual-clone,doc/user/application_security/get-started-security.md,1
dm-kat/manual-clone,doc/administration/geo/replication/security_review.md,53
dm-kat/manual-clone,doc/development/fe_guide/security.md,8
dm-kat/manual-clone,.gitlab/merge_request_templates/Security%20Release.md,4
dm-kat/manual-clone,.gitlab/issue_templates/Security%20developer%20workflow.md,8
Esri/calcite-components,SECURITY.md,3
Automattic/jetpack-storybook,SECURITY.md,4
Automattic/jetpack-production,jetpack_vendor/automattic/jetpack-ip/SECURITY.md,4
Automattic/jetpack-production,jetpack_vendor/automattic/jetpack-import/SECURITY.md,4
Automattic/jetpack-production,jetpack_vendor/automattic/jetpack-forms/SECURITY.md,4
Automattic/jetpack-production,jetpack_vendor/automattic/jetpack-blaze/SECURITY.md,4
Automattic/jetpack-production,jetpack_vendor/automattic/jetpack-stats-admin/SECURITY.md,4
Automattic/jetpack-production,jetpack_vendor/automattic/jetpack-options/SECURITY.md,4
Automattic/jetpack-production,jetpack_vendor/automattic/jetpack-stats/SECURITY.md,4
Automattic/jetpack-production,jetpack_vendor/automattic/jetpack-action-bar/SECURITY.md,4
Automattic/jetpack-production,jetpack_vendor/automattic/jetpack-post-list/SECURITY.md,4
Automattic/jetpack-production,vendor/automattic/jetpack-plans/SECURITY.md,4
Automattic/jetpack-production,jetpack_vendor/automattic/jetpack-videopress/SECURITY.md,4
Automattic/jetpack-production,jetpack_vendor/automattic/jetpack-waf/SECURITY.md,4
Automattic/jetpack-production,jetpack_vendor/automattic/jetpack-google-fonts-provider/SECURITY.md,4
Automattic/jetpack-production,jetpack_vendor/automattic/jetpack-redirect/SECURITY.md,4
Automattic/jetpack-production,jetpack_vendor/automattic/jetpack-wordads/SECURITY.md,4
Automattic/jetpack-production,jetpack_vendor/automattic/jetpack-partner/SECURITY.md,4
Automattic/jetpack-production,jetpack_vendor/automattic/jetpack-jitm/SECURITY.md,4
Automattic/jetpack-production,jetpack_vendor/automattic/jetpack-identity-crisis/SECURITY.md,4
Automattic/jetpack-production,jetpack_vendor/automattic/jetpack-backup/SECURITY.md,4
Automattic/jetpack-production,jetpack_vendor/automattic/jetpack-abtest/SECURITY.md,4
Automattic/jetpack-production,jetpack_vendor/automattic/jetpack-connection/SECURITY.md,4
Automattic/jetpack-production,jetpack_vendor/automattic/jetpack-licensing/SECURITY.md,4
Automattic/jetpack-production,jetpack_vendor/automattic/jetpack-logo/SECURITY.md,4
Automattic/jetpack-production,jetpack_vendor/automattic/jetpack-lazy-images/SECURITY.md,4
Automattic/jetpack-production,SECURITY.md,4
Automattic/jetpack-production,jetpack_vendor/automattic/jetpack-admin-ui/SECURITY.md,4
Automattic/jetpack-production,jetpack_vendor/automattic/jetpack-plugins-installer/SECURITY.md,4
Automattic/jetpack-production,jetpack_vendor/automattic/jetpack-compat/SECURITY.md,4
Automattic/jetpack-production,jetpack_vendor/automattic/jetpack-assets/SECURITY.md,4
Automattic/jetpack-production,jetpack_vendor/automattic/jetpack-a8c-mc-stats/SECURITY.md,4
meilisearch/meilisearch,SECURITY.md,4
aijamalnk/istio.io-design-and-dev,content/zh/boilerplates/helm-security-warning.md,0
aijamalnk/istio.io-design-and-dev,content/en/boilerplates/security-vulnerability.md,1
aijamalnk/istio.io-design-and-dev,content/zh/boilerplates/security-vulnerability.md,1
aijamalnk/istio.io-design-and-dev,content/en/boilerplates/helm-security-warning.md,0
goreleaser/goreleaser,www/docs/security.md,3
goreleaser/goreleaser,SECURITY.md,3
quentinrossetti/node-7z,SECURITY.md,0
fizban007/Aperture4,deps/catch/SECURITY.md,3
fizban007/Aperture4,deps/gsl/SECURITY.md,4
clcmo/dev,docs/SECURITY.md,3
Kareadita/Kavita,SECURITY.md,3
AncientCatz/Kavita,SECURITY.md,3
osisoft/PI-Adapter-DNP3-Docs,content/configuration/security-dnp3.md,2
balabit-deps/balabit-os-9-samba,SECURITY.md,4
circleci/circleci-docs,jekyll/_cci2/security.md,4
circleci/circleci-docs,jekyll/_cci2_ja/security-supply-chain.md,7
circleci/circleci-docs,jekyll/_cci2_ja/security-recommendations.md,12
circleci/circleci-docs,jekyll/_cci2_ja/security.md,4
circleci/circleci-docs,jekyll/_cci2/security-recommendations.md,12
circleci/circleci-docs,jekyll/_cci2/security-supply-chain.md,7
circleci/circleci-docs,jekyll/archived/_cci1/github-security-ssh-keys.md,0
circleci/circleci-docs,jekyll/archived/_cci1/privacy-security.md,0
circleci/circleci-docs,jekyll/archived/_archive/github-security-ssh-keys.md,0
circleci/circleci-docs,jekyll/archived/_ccie/security.md,4
circleci/circleci-docs,jekyll/archived/_archive/privacy-security.md,0
adellpennyziaw/cop-nhat,jekyll/_cci2/security.md,8
adellpennyziaw/cop-nhat,jekyll/_cci2_ja/security-supply-chain.md,7
adellpennyziaw/cop-nhat,jekyll/_cci2/security-recommendations.md,15
adellpennyziaw/cop-nhat,jekyll/_cci2_ja/security-recommendations.md,15
adellpennyziaw/cop-nhat,jekyll/archived/_archive/github-security-ssh-keys.md,0
adellpennyziaw/cop-nhat,jekyll/archived/_cci1/github-security-ssh-keys.md,0
adellpennyziaw/cop-nhat,jekyll/_cci2_ja/security.md,8
adellpennyziaw/cop-nhat,jekyll/archived/_ccie/security.md,4
adellpennyziaw/cop-nhat,jekyll/archived/_cci1/privacy-security.md,0
adellpennyziaw/cop-nhat,jekyll/archived/_archive/privacy-security.md,0
adellpennyziaw/cop-nhat,jekyll/_cci2/security-supply-chain.md,7
microsoft/fluentui-react-native,SECURITY.md,4
microsoft/code-with-engineering-playbook,docs/continuous-integration/dev-sec-ops/azure-devops/service-connection-security.md,5
microsoft/code-with-engineering-playbook,SECURITY.md,4
gridgentoo/linkerd2,SECURITY.md,5
mheob/vscode-snippets,.github/SECURITY.md,1
rdileep13/linkerd2,SECURITY.md,4
honeycombio/libhoney-js,.github/ISSUE_TEMPLATE/security-vulnerability-report.md,0
honeycombio/libhoney-js,SECURITY.md,1
TommyCTruong/dotfiles,dot_oh-my-zsh/SECURITY.md,3
GoogleCloudPlatform/python-docs-samples,SECURITY.md,1
actions-marketplace-validations/sammcj_check-renamed-files-action,node_modules/typescript/SECURITY.md,4
actions-marketplace-validations/sammcj_check-renamed-files-action,node_modules/resolve/SECURITY.md,1
actions-marketplace-validations/sammcj_check-renamed-files-action,node_modules/eslint-plugin-react/node_modules/resolve/SECURITY.md,1
actions-marketplace-validations/sammcj_check-renamed-files-action,node_modules/eslint-plugin-import/SECURITY.md,3
jacquesg/p5-Git-Raw,deps/libgit2/SECURITY.md,3
IsaFG/demisto-mirror,Packs/trendMicroDsm/Scripts/script-TrendmicroSecurityProfileAssignToHost_README.md,4
IsaFG/demisto-mirror,Packs/trendMicroDsm/Scripts/script-TrendmicroSecurityProfileRetrieveAll_README.md,4
IsaFG/demisto-mirror,Packs/TrendMicroDeepSecurity/Integrations/TrendMicroDeepSecurity/TrendMicroDeepSecurity_description.md,3
IsaFG/demisto-mirror,Packs/SecurityIntelligenceServicesFeed/Integrations/SecurityIntelligenceServicesFeed/SecurityIntelligenceServicesFeed_description.md,2
IsaFG/demisto-mirror,Packs/SecurityAdvisor/Integrations/SecurityAdvisor/SecurityAdvisor_description.md,3
IsaFG/demisto-mirror,Packs/SecurityScorecard/Integrations/SecurityScorecard/SecurityScorecard_description.md,4
IsaFG/demisto-mirror,Packs/PrismaSaasSecurity/Playbooks/Saas_Security_-_Take_Action_on_the_Incident_README.md,8
IsaFG/demisto-mirror,Packs/PrismaSaasSecurity/Playbooks/Saas_Security_-_Remediate_an_asset_README.md,8
IsaFG/demisto-mirror,Packs/PrismaSaasSecurity/Playbooks/Saas_Security_-_Incident_Processor_README.md,8
IsaFG/demisto-mirror,Packs/PrismaSaasSecurity/Integrations/SaasSecurity/SaasSecurity_description.md,0
IsaFG/demisto-mirror,Packs/PrismaCloud/Playbooks/playbook-PCR_-_Azure_Network_Security_Group_Misconfig_README.md,8
IsaFG/demisto-mirror,Packs/MicrosoftGraphSecurity/Integrations/MicrosoftGraphSecurity/MicrosoftGraphSecurity_description.md,2
IsaFG/demisto-mirror,Packs/MicrosoftCloudAppSecurity/Integrations/MicrosoftCloudAppSecurity/MicrosoftCloudAppSecurity_description.md,2
IsaFG/demisto-mirror,Packs/JoeSecurity/Playbooks/playbook-Detonate_URL_-_JoeSecurity_README.md,8
IsaFG/demisto-mirror,Packs/JoeSecurity/Playbooks/playbook-Detonate_File_-_JoeSecurity_README.md,8
IsaFG/demisto-mirror,Packs/KasperskySecurityCenter/Integrations/KasperskySecurityCenter/KasperskySecurityCenter_description.md,0
IsaFG/demisto-mirror,Packs/JoeSecurity/Playbooks/playbook-Detonate_File_From_URL_-_JoeSecurity_README.md,8
IsaFG/demisto-mirror,Packs/GSuiteSecurityAlertCenter/Integrations/GSuiteSecurityAlertCenter/GSuiteSecurityAlertCenter_description.md,1
IsaFG/demisto-mirror,Packs/FireEyeEX/Playbooks/playbook-Block_Domain_-_FireEye_Email_Security_README.md,8
IsaFG/demisto-mirror,Packs/ExpanseV2/Playbooks/playbook-NSA_-_5_Security_Vulnerabilities_Under_Active_Nation-State_Attack_README.md,8
IsaFG/demisto-mirror,Packs/EWS/Playbooks/playbook-O365-SecurityAndCompliance-SearchAndDelete_README.md,9
IsaFG/demisto-mirror,Packs/EWS/Integrations/SecurityAndCompliance/SecurityAndCompliance_description.md,1
IsaFG/demisto-mirror,Packs/EWS/Playbooks/playbook-O365-SecurityAndCompliance-SearchAction-Delete_README.md,9
IsaFG/demisto-mirror,Packs/EWS/Playbooks/playbook-O365-SecurityAndCompliance-Search_README.md,9
IsaFG/demisto-mirror,Packs/EWS/Playbooks/playbook-O365-SecurityAndCompliance-SearchAction-Preview_README.md,9
IsaFG/demisto-mirror,Packs/DeprecatedContent/Integrations/AzureSecurityCenter/AzureSecurityCenter_description.md,0
IsaFG/demisto-mirror,Packs/CovalenceManagedSecurity/Integrations/CovalenceManagedSecurity/CovalenceManagedSecurity_description.md,1
IsaFG/demisto-mirror,Packs/CyrenInboxSecurity/Integrations/CyrenInboxSecurity/CyrenInboxSecurity_description.md,3
IsaFG/demisto-mirror,Packs/CyrenInboxSecurity/Playbooks/Cyren_Inbox_Security_Default_README.md,8
IsaFG/demisto-mirror,Packs/CovalenceForSecurityProviders/Integrations/CovalenceForSecurityProviders/CovalenceForSecurityProviders_description.md,1
balabit-deps/balabit-os-9-glib2.0,SECURITY.md,6
valora-inc/wallet,SECURITY.md,3
tb148/feynmanium,SECURITY.md,2
auth0/docs,articles/quickstart/backend/java-spring-security5/files/security-config.md,0
auth0/docs,articles/quickstart/webapp/java-spring-boot/files/security-config.md,0
auth0/docs,articles/quickstart/webapp/java-spring-boot/files/security-config-logout.md,0
auth0/docs,articles/best-practices/custom-db-connections/security.md,4
auth0/docs,articles/appliance/infrastructure/security.md,7
auth0/docs,articles/compliance/gdpr/security-advice-for-customers.md,1
ZoneMinder/zoneminder,SECURITY.md,3
knative-sandbox/net-http01,vendor/sigs.k8s.io/json/SECURITY.md,4
knative-sandbox/net-http01,vendor/github.com/prometheus/procfs/SECURITY.md,1
knative-sandbox/net-http01,vendor/k8s.io/klog/v2/SECURITY.md,4
knative-sandbox/net-http01,vendor/google.golang.org/grpc/SECURITY.md,1
knative-sandbox/sample-controller,vendor/github.com/emicklei/go-restful/v3/SECURITY.md,3
knative-sandbox/sample-controller,vendor/sigs.k8s.io/json/SECURITY.md,4
knative-sandbox/sample-controller,vendor/k8s.io/klog/v2/SECURITY.md,4
knative-sandbox/sample-controller,vendor/google.golang.org/grpc/SECURITY.md,1
knative-sandbox/sample-controller,vendor/github.com/prometheus/procfs/SECURITY.md,1
knative-sandbox/scaling-group,vendor/sigs.k8s.io/json/SECURITY.md,4
knative-sandbox/scaling-group,vendor/k8s.io/klog/v2/SECURITY.md,4
knative-sandbox/scaling-group,vendor/google.golang.org/grpc/SECURITY.md,1
